team_long_name,team_api_id,date,buildUpPlaySpeed,buildUpPlaySpeedClass,buildUpPlayDribbling,buildUpPlayDribblingClass,buildUpPlayPassing,buildUpPlayPassingClass,buildUpPlayPositioningClass,chanceCreationPassing,chanceCreationPassingClass,chanceCreationCrossing,chanceCreationCrossingClass,chanceCreationShooting,chanceCreationShootingClass,chanceCreationPositioningClass,defencePressure,defencePressureClass,defenceAggression,defenceAggressionClass,defenceTeamWidth,defenceTeamWidthClass,defenceDefenderLineClass
FC Aarau,9930,2014-09-19,52.0,Balanced,48.0,Normal,56.0,Mixed,Organised,54.0,Normal,63.0,Normal,64.0,Normal,Organised,47.0,Medium,44.0,Press,54.0,Normal,Cover
FC Aarau,9930,2015-09-10,47.0,Balanced,41.0,Normal,54.0,Mixed,Organised,54.0,Normal,63.0,Normal,64.0,Normal,Organised,47.0,Medium,44.0,Press,54.0,Normal,Cover
Aberdeen,8485,2014-09-19,58.0,Balanced,64.0,Normal,62.0,Mixed,Organised,56.0,Normal,68.0,Lots,57.0,Normal,Organised,41.0,Medium,42.0,Press,60.0,Normal,Cover
Aberdeen,8485,2015-09-10,59.0,Balanced,64.0,Normal,53.0,Mixed,Organised,51.0,Normal,72.0,Lots,63.0,Normal,Free Form,49.0,Medium,45.0,Press,63.0,Normal,Cover
AC Ajaccio,8576,2014-09-19,59.0,Balanced,57.0,Normal,52.0,Mixed,Organised,48.0,Normal,38.0,Normal,52.0,Normal,Organised,38.0,Medium,47.0,Press,53.0,Normal,Cover
AC Ajaccio,8576,2015-09-10,59.0,Balanced,57.0,Normal,52.0,Mixed,Organised,48.0,Normal,38.0,Normal,52.0,Normal,Organised,38.0,Medium,47.0,Press,53.0,Normal,Cover
Milan,8564,2014-09-19,48.0,Balanced,70.0,Lots,52.0,Mixed,Organised,66.0,Normal,36.0,Normal,75.0,Lots,Organised,58.0,Medium,57.0,Press,49.0,Normal,Cover
Milan,8564,2015-09-10,48.0,Balanced,70.0,Lots,52.0,Mixed,Organised,66.0,Normal,36.0,Normal,69.0,Lots,Organised,58.0,Medium,57.0,Press,49.0,Normal,Cover
Académica de Coimbra,10215,2014-09-19,52.0,Balanced,53.0,Normal,44.0,Mixed,Organised,55.0,Normal,51.0,Normal,60.0,Normal,Organised,39.0,Medium,38.0,Press,61.0,Normal,Cover
Académica de Coimbra,10215,2015-09-10,53.0,Balanced,53.0,Normal,44.0,Mixed,Organised,55.0,Normal,51.0,Normal,60.0,Normal,Organised,39.0,Medium,38.0,Press,61.0,Normal,Cover
ADO Den Haag,10217,2014-09-19,58.0,Balanced,47.0,Normal,55.0,Mixed,Organised,55.0,Normal,52.0,Normal,44.0,Normal,Organised,57.0,Medium,50.0,Press,52.0,Normal,Cover
ADO Den Haag,10217,2015-09-10,56.0,Balanced,40.0,Normal,66.0,Mixed,Organised,55.0,Normal,52.0,Normal,38.0,Normal,Organised,40.0,Medium,50.0,Press,52.0,Normal,Cover
Ajax,8593,2014-09-19,40.0,Balanced,40.0,Normal,30.0,Short,Organised,51.0,Normal,55.0,Normal,39.0,Normal,Free Form,64.0,Medium,53.0,Press,64.0,Normal,Cover
Ajax,8593,2015-09-10,35.0,Balanced,43.0,Normal,39.0,Mixed,Organised,58.0,Normal,55.0,Normal,30.0,Little,Free Form,64.0,Medium,53.0,Press,59.0,Normal,Cover
UD Almería,9865,2014-09-19,46.0,Balanced,41.0,Normal,65.0,Mixed,Organised,57.0,Normal,54.0,Normal,40.0,Normal,Organised,37.0,Medium,53.0,Press,45.0,Normal,Cover
UD Almería,9865,2015-09-10,46.0,Balanced,41.0,Normal,65.0,Mixed,Organised,57.0,Normal,54.0,Normal,40.0,Normal,Organised,37.0,Medium,53.0,Press,45.0,Normal,Cover
RSC Anderlecht,8635,2014-09-19,52.0,Balanced,46.0,Normal,51.0,Mixed,Organised,60.0,Normal,53.0,Normal,47.0,Normal,Organised,60.0,Medium,50.0,Press,65.0,Normal,Cover
RSC Anderlecht,8635,2015-09-10,52.0,Balanced,46.0,Normal,51.0,Mixed,Organised,60.0,Normal,53.0,Normal,47.0,Normal,Organised,53.0,Medium,50.0,Press,61.0,Normal,Cover
Angers SCO,8121,2014-09-19,48.0,Balanced,61.0,Normal,50.0,Mixed,Organised,40.0,Normal,52.0,Normal,48.0,Normal,Organised,44.0,Medium,44.0,Press,51.0,Normal,Cover
Angers SCO,8121,2015-09-10,48.0,Balanced,61.0,Normal,50.0,Mixed,Organised,40.0,Normal,52.0,Normal,48.0,Normal,Organised,44.0,Medium,44.0,Press,51.0,Normal,Cover
AC Arles-Avignon,108893,2014-09-19,39.0,Balanced,48.0,Normal,54.0,Mixed,Organised,49.0,Normal,40.0,Normal,43.0,Normal,Organised,44.0,Medium,53.0,Press,57.0,Normal,Cover
AC Arles-Avignon,108893,2015-09-10,56.0,Balanced,46.0,Normal,54.0,Mixed,Organised,55.0,Normal,40.0,Normal,43.0,Normal,Organised,48.0,Medium,53.0,Press,57.0,Normal,Cover
DSC Arminia Bielefeld,9912,2014-09-19,62.0,Balanced,49.0,Normal,55.0,Mixed,Organised,56.0,Normal,51.0,Normal,52.0,Normal,Organised,36.0,Medium,54.0,Press,48.0,Normal,Cover
FC Arouca,158085,2014-09-19,69.0,Fast,66.0,Normal,39.0,Mixed,Organised,55.0,Normal,59.0,Normal,46.0,Normal,Organised,35.0,Medium,37.0,Press,37.0,Normal,Cover
FC Arouca,158085,2015-09-10,65.0,Balanced,66.0,Normal,39.0,Mixed,Organised,55.0,Normal,59.0,Normal,46.0,Normal,Organised,37.0,Medium,39.0,Press,37.0,Normal,Cover
Arsenal,9825,2014-09-19,59.0,Balanced,51.0,Normal,26.0,Short,Organised,28.0,Safe,55.0,Normal,64.0,Normal,Free Form,51.0,Medium,44.0,Press,52.0,Normal,Cover
Arsenal,9825,2015-09-10,59.0,Balanced,51.0,Normal,30.0,Short,Organised,28.0,Safe,44.0,Normal,46.0,Normal,Free Form,51.0,Medium,44.0,Press,52.0,Normal,Cover
Aston Villa,10252,2014-09-19,66.0,Balanced,32.0,Little,72.0,Long,Organised,63.0,Normal,48.0,Normal,56.0,Normal,Organised,39.0,Medium,42.0,Press,52.0,Normal,Cover
Aston Villa,10252,2015-09-10,63.0,Balanced,37.0,Normal,54.0,Mixed,Organised,60.0,Normal,48.0,Normal,38.0,Normal,Organised,35.0,Medium,44.0,Press,54.0,Normal,Cover
Atalanta,8524,2014-09-19,64.0,Balanced,45.0,Normal,37.0,Mixed,Organised,38.0,Normal,49.0,Normal,51.0,Normal,Organised,36.0,Medium,66.0,Press,49.0,Normal,Cover
Atalanta,8524,2015-09-10,64.0,Balanced,45.0,Normal,37.0,Mixed,Organised,38.0,Normal,49.0,Normal,51.0,Normal,Organised,36.0,Medium,63.0,Press,49.0,Normal,Cover
Athletic Club de Bilbao,8315,2014-09-19,46.0,Balanced,41.0,Normal,38.0,Mixed,Organised,52.0,Normal,68.0,Lots,37.0,Normal,Organised,37.0,Medium,60.0,Press,65.0,Normal,Cover
Athletic Club de Bilbao,8315,2015-09-10,46.0,Balanced,46.0,Normal,39.0,Mixed,Organised,50.0,Normal,60.0,Normal,36.0,Normal,Free Form,49.0,Medium,57.0,Press,50.0,Normal,Cover
Atlético Madrid,9906,2014-09-19,47.0,Balanced,52.0,Normal,51.0,Mixed,Organised,67.0,Risky,67.0,Lots,54.0,Normal,Organised,52.0,Medium,37.0,Press,55.0,Normal,Cover
Atlético Madrid,9906,2015-09-10,57.0,Balanced,50.0,Normal,50.0,Mixed,Organised,61.0,Normal,62.0,Normal,49.0,Normal,Organised,49.0,Medium,42.0,Press,52.0,Normal,Cover
FC Augsburg,8406,2014-09-19,62.0,Balanced,38.0,Normal,69.0,Long,Organised,41.0,Normal,63.0,Normal,56.0,Normal,Organised,47.0,Medium,55.0,Press,52.0,Normal,Cover
FC Augsburg,8406,2015-09-10,59.0,Balanced,51.0,Normal,55.0,Mixed,Organised,49.0,Normal,62.0,Normal,55.0,Normal,Organised,34.0,Medium,50.0,Press,59.0,Normal,Cover
AJ Auxerre,8583,2014-09-19,64.0,Balanced,55.0,Normal,49.0,Mixed,Organised,51.0,Normal,63.0,Normal,50.0,Normal,Organised,34.0,Medium,45.0,Press,36.0,Normal,Cover
AJ Auxerre,8583,2015-09-10,64.0,Balanced,55.0,Normal,49.0,Mixed,Organised,51.0,Normal,63.0,Normal,50.0,Normal,Organised,34.0,Medium,45.0,Press,40.0,Normal,Cover
AZ,10229,2014-09-19,52.0,Balanced,38.0,Normal,46.0,Mixed,Organised,60.0,Normal,56.0,Normal,52.0,Normal,Free Form,50.0,Medium,61.0,Press,55.0,Normal,Cover
AZ,10229,2015-09-10,50.0,Balanced,46.0,Normal,58.0,Mixed,Organised,67.0,Risky,56.0,Normal,50.0,Normal,Organised,50.0,Medium,61.0,Press,55.0,Normal,Cover
FC Barcelona,8634,2014-09-19,35.0,Balanced,35.0,Normal,32.0,Short,Free Form,37.0,Normal,31.0,Little,35.0,Normal,Free Form,61.0,Medium,63.0,Press,65.0,Normal,Cover
FC Barcelona,8634,2015-09-10,36.0,Balanced,35.0,Normal,51.0,Mixed,Free Form,36.0,Normal,49.0,Normal,56.0,Normal,Free Form,61.0,Medium,65.0,Press,65.0,Normal,Cover
Bari,9976,2014-09-19,55.0,Balanced,40.0,Normal,57.0,Mixed,Organised,54.0,Normal,44.0,Normal,56.0,Normal,Organised,49.0,Medium,51.0,Press,53.0,Normal,Cover
Bari,9976,2015-09-10,52.0,Balanced,40.0,Normal,65.0,Mixed,Organised,40.0,Normal,55.0,Normal,48.0,Normal,Organised,50.0,Medium,51.0,Press,55.0,Normal,Cover
FC Basel,9931,2014-09-19,61.0,Balanced,63.0,Normal,46.0,Mixed,Organised,66.0,Normal,66.0,Normal,54.0,Normal,Organised,47.0,Medium,58.0,Press,53.0,Normal,Cover
FC Basel,9931,2015-09-10,61.0,Balanced,63.0,Normal,46.0,Mixed,Organised,66.0,Normal,66.0,Normal,54.0,Normal,Organised,47.0,Medium,58.0,Press,53.0,Normal,Cover
Bayer 04 Leverkusen,8178,2014-09-19,69.0,Fast,30.0,Little,55.0,Mixed,Organised,52.0,Normal,55.0,Normal,39.0,Normal,Organised,50.0,Medium,46.0,Press,54.0,Normal,Cover
Bayer 04 Leverkusen,8178,2015-09-10,73.0,Fast,29.0,Little,55.0,Mixed,Organised,77.0,Risky,54.0,Normal,61.0,Normal,Organised,61.0,Medium,72.0,Double,50.0,Normal,Cover
FC Bayern Munich,9823,2014-09-19,37.0,Balanced,34.0,Normal,22.0,Short,Free Form,21.0,Safe,38.0,Normal,40.0,Normal,Free Form,61.0,Medium,59.0,Press,40.0,Normal,Cover
FC Bayern Munich,9823,2015-09-10,45.0,Balanced,24.0,Little,28.0,Short,Free Form,37.0,Normal,31.0,Little,22.0,Little,Free Form,72.0,High,53.0,Press,59.0,Normal,Cover
CF Os Belenenses,9807,2014-09-19,52.0,Balanced,53.0,Normal,52.0,Mixed,Organised,40.0,Normal,37.0,Normal,48.0,Normal,Organised,38.0,Medium,48.0,Press,49.0,Normal,Cover
CF Os Belenenses,9807,2015-09-10,51.0,Balanced,53.0,Normal,52.0,Mixed,Organised,43.0,Normal,37.0,Normal,48.0,Normal,Organised,38.0,Medium,48.0,Press,49.0,Normal,Cover
SL Benfica,9772,2014-09-19,70.0,Fast,55.0,Normal,53.0,Mixed,Organised,65.0,Normal,66.0,Normal,54.0,Normal,Organised,60.0,Medium,57.0,Press,54.0,Normal,Cover
SL Benfica,9772,2015-09-10,69.0,Fast,55.0,Normal,53.0,Mixed,Organised,65.0,Normal,66.0,Normal,54.0,Normal,Organised,60.0,Medium,57.0,Press,54.0,Normal,Cover
Birmingham City,8658,2014-09-19,56.0,Balanced,39.0,Normal,79.0,Long,Organised,77.0,Risky,71.0,Lots,56.0,Normal,Organised,42.0,Medium,48.0,Press,54.0,Normal,Cover
Birmingham City,8658,2015-09-10,56.0,Balanced,32.0,Little,75.0,Long,Organised,77.0,Risky,62.0,Normal,64.0,Normal,Organised,42.0,Medium,47.0,Press,54.0,Normal,Cover
Blackburn Rovers,8655,2014-09-19,44.0,Balanced,31.0,Little,62.0,Mixed,Organised,63.0,Normal,61.0,Normal,40.0,Normal,Organised,50.0,Medium,50.0,Press,47.0,Normal,Cover
Blackburn Rovers,8655,2015-09-10,60.0,Balanced,60.0,Normal,65.0,Mixed,Organised,59.0,Normal,58.0,Normal,42.0,Normal,Organised,50.0,Medium,50.0,Press,57.0,Normal,Cover
Blackpool,8483,2014-09-19,67.0,Fast,44.0,Normal,72.0,Long,Organised,70.0,Risky,48.0,Normal,58.0,Normal,Organised,39.0,Medium,38.0,Press,54.0,Normal,Cover
Blackpool,8483,2015-09-10,62.0,Balanced,36.0,Normal,64.0,Mixed,Organised,59.0,Normal,43.0,Normal,64.0,Normal,Organised,39.0,Medium,38.0,Press,54.0,Normal,Cover
Boavista FC,8613,2015-09-10,47.0,Balanced,56.0,Normal,50.0,Mixed,Organised,37.0,Normal,38.0,Normal,53.0,Normal,Organised,32.0,Deep,62.0,Press,54.0,Normal,Cover
VfL Bochum,9911,2014-09-19,38.0,Balanced,54.0,Normal,48.0,Mixed,Organised,51.0,Normal,54.0,Normal,36.0,Normal,Organised,34.0,Medium,53.0,Press,49.0,Normal,Cover
VfL Bochum,9911,2015-09-10,69.0,Fast,38.0,Normal,57.0,Mixed,Organised,66.0,Normal,40.0,Normal,66.0,Normal,Organised,58.0,Medium,47.0,Press,67.0,Wide,Cover
Bologna,9857,2014-09-19,63.0,Balanced,53.0,Normal,48.0,Mixed,Organised,32.0,Safe,48.0,Normal,52.0,Normal,Organised,28.0,Deep,54.0,Press,48.0,Normal,Cover
Bologna,9857,2015-09-10,63.0,Balanced,53.0,Normal,48.0,Mixed,Organised,32.0,Safe,48.0,Normal,52.0,Normal,Organised,30.0,Deep,54.0,Press,48.0,Normal,Cover
Bolton Wanderers,8559,2014-09-19,57.0,Balanced,37.0,Normal,73.0,Long,Organised,72.0,Risky,43.0,Normal,56.0,Normal,Organised,39.0,Medium,48.0,Press,58.0,Normal,Cover
Bolton Wanderers,8559,2015-09-10,57.0,Balanced,34.0,Normal,61.0,Mixed,Organised,72.0,Risky,60.0,Normal,38.0,Normal,Organised,39.0,Medium,48.0,Press,58.0,Normal,Cover
Girondins de Bordeaux,9827,2014-09-19,38.0,Balanced,49.0,Normal,36.0,Mixed,Organised,49.0,Normal,55.0,Normal,51.0,Normal,Organised,37.0,Medium,33.0,Contain,49.0,Normal,Cover
Girondins de Bordeaux,9827,2015-09-10,51.0,Balanced,40.0,Normal,48.0,Mixed,Organised,49.0,Normal,63.0,Normal,44.0,Normal,Organised,57.0,Medium,52.0,Press,49.0,Normal,Cover
Borussia Dortmund,9789,2014-09-19,76.0,Fast,33.0,Little,61.0,Mixed,Organised,53.0,Normal,44.0,Normal,73.0,Lots,Free Form,60.0,Medium,68.0,Double,43.0,Normal,Cover
Borussia Dortmund,9789,2015-09-10,71.0,Fast,37.0,Normal,40.0,Mixed,Organised,70.0,Risky,44.0,Normal,49.0,Normal,Free Form,65.0,Medium,71.0,Double,40.0,Normal,Cover
Borussia Mönchengladbach,9788,2014-09-19,31.0,Slow,53.0,Normal,32.0,Short,Organised,38.0,Normal,26.0,Little,49.0,Normal,Free Form,43.0,Medium,50.0,Press,41.0,Normal,Cover
Borussia Mönchengladbach,9788,2015-09-10,31.0,Slow,53.0,Normal,32.0,Short,Organised,38.0,Normal,26.0,Little,49.0,Normal,Free Form,41.0,Medium,48.0,Press,39.0,Normal,Cover
Bournemouth,8678,2014-09-19,47.0,Balanced,44.0,Normal,48.0,Mixed,Organised,46.0,Normal,48.0,Normal,41.0,Normal,Organised,48.0,Medium,50.0,Press,62.0,Normal,Cover
Bournemouth,8678,2015-09-10,47.0,Balanced,36.0,Normal,47.0,Mixed,Organised,49.0,Normal,45.0,Normal,47.0,Normal,Organised,48.0,Medium,50.0,Press,62.0,Normal,Cover
SC Braga,10264,2014-09-19,53.0,Balanced,35.0,Normal,55.0,Mixed,Organised,53.0,Normal,65.0,Normal,39.0,Normal,Organised,25.0,Deep,56.0,Press,39.0,Normal,Cover
SC Braga,10264,2015-09-10,55.0,Balanced,35.0,Normal,55.0,Mixed,Organised,62.0,Normal,65.0,Normal,39.0,Normal,Organised,25.0,Deep,56.0,Press,39.0,Normal,Cover
Brescia,9858,2014-09-19,42.0,Balanced,56.0,Normal,27.0,Short,Organised,54.0,Normal,25.0,Little,75.0,Lots,Organised,41.0,Medium,52.0,Press,57.0,Normal,Cover
Brescia,9858,2015-09-10,42.0,Balanced,56.0,Normal,43.0,Mixed,Organised,41.0,Normal,48.0,Normal,69.0,Lots,Organised,41.0,Medium,52.0,Press,57.0,Normal,Cover
Stade Brestois 29,8521,2014-09-19,59.0,Balanced,48.0,Normal,54.0,Mixed,Organised,49.0,Normal,53.0,Normal,66.0,Normal,Organised,44.0,Medium,34.0,Press,51.0,Normal,Cover
Stade Brestois 29,8521,2015-09-10,59.0,Balanced,48.0,Normal,54.0,Mixed,Organised,49.0,Normal,53.0,Normal,66.0,Normal,Organised,44.0,Medium,34.0,Press,51.0,Normal,Cover
Burnley,8191,2014-09-19,48.0,Balanced,32.0,Little,74.0,Long,Organised,72.0,Risky,59.0,Normal,58.0,Normal,Organised,54.0,Medium,57.0,Press,58.0,Normal,Cover
Burnley,8191,2015-09-10,54.0,Balanced,32.0,Little,67.0,Long,Organised,72.0,Risky,57.0,Normal,47.0,Normal,Organised,63.0,Medium,62.0,Press,58.0,Normal,Cover
SM Caen,7819,2014-09-19,62.0,Balanced,50.0,Normal,45.0,Mixed,Organised,48.0,Normal,54.0,Normal,53.0,Normal,Organised,43.0,Medium,42.0,Press,51.0,Normal,Cover
SM Caen,7819,2015-09-10,62.0,Balanced,50.0,Normal,45.0,Mixed,Organised,48.0,Normal,54.0,Normal,53.0,Normal,Organised,43.0,Medium,42.0,Press,51.0,Normal,Cover
Cagliari,8529,2014-09-19,63.0,Balanced,51.0,Normal,53.0,Mixed,Organised,33.0,Safe,51.0,Normal,68.0,Lots,Organised,37.0,Medium,56.0,Press,51.0,Normal,Cover
Cagliari,8529,2015-09-10,67.0,Fast,32.0,Little,35.0,Mixed,Organised,69.0,Risky,58.0,Normal,69.0,Lots,Free Form,65.0,Medium,65.0,Press,57.0,Normal,Offside Trap
SC Cambuur,7788,2014-09-19,45.0,Balanced,39.0,Normal,42.0,Mixed,Organised,46.0,Normal,56.0,Normal,57.0,Normal,Organised,42.0,Medium,49.0,Press,47.0,Normal,Cover
SC Cambuur,7788,2015-09-10,43.0,Balanced,36.0,Normal,57.0,Mixed,Organised,46.0,Normal,50.0,Normal,38.0,Normal,Organised,42.0,Medium,49.0,Press,47.0,Normal,Cover
Cardiff City,8344,2014-09-19,60.0,Balanced,29.0,Little,54.0,Mixed,Organised,52.0,Normal,46.0,Normal,41.0,Normal,Organised,33.0,Deep,41.0,Press,39.0,Normal,Cover
Cardiff City,8344,2015-09-10,60.0,Balanced,41.0,Normal,67.0,Long,Organised,52.0,Normal,56.0,Normal,46.0,Normal,Organised,33.0,Deep,41.0,Press,39.0,Normal,Cover
Carpi,208931,2014-09-19,32.0,Slow,46.0,Normal,31.0,Short,Organised,47.0,Normal,36.0,Normal,54.0,Normal,Organised,46.0,Medium,44.0,Press,51.0,Normal,Cover
Carpi,208931,2015-09-10,80.0,Fast,45.0,Normal,65.0,Mixed,Organised,70.0,Risky,40.0,Normal,50.0,Normal,Organised,25.0,Deep,55.0,Press,35.0,Normal,Cover
Catania,8530,2014-09-19,75.0,Fast,52.0,Normal,48.0,Mixed,Organised,53.0,Normal,52.0,Normal,36.0,Normal,Organised,28.0,Deep,67.0,Double,52.0,Normal,Cover
Catania,8530,2015-09-10,70.0,Fast,52.0,Normal,48.0,Mixed,Organised,53.0,Normal,52.0,Normal,36.0,Normal,Organised,31.0,Deep,64.0,Press,52.0,Normal,Cover
RC Celta de Vigo,9910,2014-09-19,53.0,Balanced,54.0,Normal,62.0,Mixed,Organised,59.0,Normal,68.0,Lots,52.0,Normal,Organised,42.0,Medium,52.0,Press,65.0,Normal,Cover
RC Celta de Vigo,9910,2015-09-10,55.0,Balanced,59.0,Normal,38.0,Mixed,Organised,41.0,Normal,48.0,Normal,50.0,Normal,Free Form,55.0,Medium,55.0,Press,59.0,Normal,Cover
Celtic,9925,2014-09-19,70.0,Fast,52.0,Normal,58.0,Mixed,Organised,55.0,Normal,61.0,Normal,62.0,Normal,Organised,51.0,Medium,54.0,Press,60.0,Normal,Cover
Celtic,9925,2015-09-10,54.0,Balanced,49.0,Normal,53.0,Mixed,Organised,51.0,Normal,51.0,Normal,62.0,Normal,Organised,58.0,Medium,55.0,Press,56.0,Normal,Cover
KSV Cercle Brugge,9984,2014-09-19,53.0,Balanced,49.0,Normal,43.0,Mixed,Organised,52.0,Normal,58.0,Normal,42.0,Normal,Organised,59.0,Medium,47.0,Press,62.0,Normal,Cover
KSV Cercle Brugge,9984,2015-09-10,53.0,Balanced,49.0,Normal,43.0,Mixed,Organised,52.0,Normal,58.0,Normal,42.0,Normal,Organised,59.0,Medium,47.0,Press,62.0,Normal,Cover
Cesena,9880,2014-09-19,73.0,Fast,29.0,Little,41.0,Mixed,Organised,53.0,Normal,44.0,Normal,73.0,Lots,Organised,39.0,Medium,49.0,Press,57.0,Normal,Cover
Cesena,9880,2015-09-10,66.0,Balanced,31.0,Little,41.0,Mixed,Organised,53.0,Normal,44.0,Normal,66.0,Normal,Organised,39.0,Medium,49.0,Press,57.0,Normal,Cover
Chelsea,8455,2014-09-19,67.0,Fast,52.0,Normal,38.0,Mixed,Organised,41.0,Normal,61.0,Normal,68.0,Lots,Organised,39.0,Medium,41.0,Press,46.0,Normal,Cover
Chelsea,8455,2015-09-10,67.0,Fast,41.0,Normal,36.0,Mixed,Organised,41.0,Normal,34.0,Normal,44.0,Normal,Organised,39.0,Medium,41.0,Press,46.0,Normal,Cover
Chievo Verona,8533,2014-09-19,66.0,Balanced,54.0,Normal,67.0,Long,Organised,52.0,Normal,66.0,Normal,52.0,Normal,Organised,46.0,Medium,59.0,Press,51.0,Normal,Cover
Chievo Verona,8533,2015-09-10,66.0,Balanced,54.0,Normal,67.0,Long,Organised,52.0,Normal,66.0,Normal,52.0,Normal,Organised,46.0,Medium,59.0,Press,51.0,Normal,Cover
Club Brugge KV,8342,2014-09-19,42.0,Balanced,52.0,Normal,45.0,Mixed,Organised,42.0,Normal,57.0,Normal,47.0,Normal,Organised,51.0,Medium,50.0,Press,57.0,Normal,Cover
Club Brugge KV,8342,2015-09-10,42.0,Balanced,52.0,Normal,45.0,Mixed,Organised,42.0,Normal,57.0,Normal,47.0,Normal,Organised,51.0,Medium,50.0,Press,57.0,Normal,Cover
Córdoba CF,7869,2014-09-19,40.0,Balanced,53.0,Normal,53.0,Mixed,Organised,40.0,Normal,66.0,Normal,48.0,Normal,Organised,36.0,Medium,41.0,Press,52.0,Normal,Cover
Córdoba CF,7869,2015-09-10,53.0,Balanced,40.0,Normal,48.0,Mixed,Organised,55.0,Normal,59.0,Normal,57.0,Normal,Organised,38.0,Medium,39.0,Press,52.0,Normal,Cover
Cracovia,2186,2014-09-19,37.0,Balanced,50.0,Normal,38.0,Mixed,Organised,66.0,Normal,66.0,Normal,33.0,Little,Organised,59.0,Medium,34.0,Press,64.0,Normal,Cover
Cracovia,2186,2015-09-10,37.0,Balanced,50.0,Normal,38.0,Mixed,Organised,66.0,Normal,66.0,Normal,33.0,Little,Organised,59.0,Medium,34.0,Press,64.0,Normal,Cover
Crystal Palace,9826,2014-09-19,61.0,Balanced,36.0,Normal,68.0,Long,Organised,67.0,Risky,62.0,Normal,52.0,Normal,Organised,36.0,Medium,34.0,Press,48.0,Normal,Cover
Crystal Palace,9826,2015-09-10,61.0,Balanced,45.0,Normal,67.0,Long,Organised,67.0,Risky,69.0,Lots,50.0,Normal,Organised,36.0,Medium,34.0,Press,41.0,Normal,Cover
SV Darmstadt 98,8262,2015-09-10,59.0,Balanced,43.0,Normal,77.0,Long,Organised,52.0,Normal,77.0,Lots,45.0,Normal,Organised,32.0,Deep,56.0,Press,41.0,Normal,Cover
RC Deportivo de La Coruña,9783,2014-09-19,56.0,Balanced,55.0,Normal,46.0,Mixed,Organised,38.0,Normal,52.0,Normal,68.0,Lots,Organised,45.0,Medium,50.0,Press,59.0,Normal,Cover
RC Deportivo de La Coruña,9783,2015-09-10,53.0,Balanced,55.0,Normal,47.0,Mixed,Organised,38.0,Normal,52.0,Normal,55.0,Normal,Organised,45.0,Medium,50.0,Press,59.0,Normal,Offside Trap
Dijon FCO,9836,2014-09-19,51.0,Balanced,54.0,Normal,49.0,Mixed,Organised,49.0,Normal,52.0,Normal,52.0,Normal,Organised,45.0,Medium,46.0,Press,58.0,Normal,Cover
Dijon FCO,9836,2015-09-10,51.0,Balanced,54.0,Normal,49.0,Mixed,Organised,49.0,Normal,52.0,Normal,52.0,Normal,Organised,45.0,Medium,46.0,Press,58.0,Normal,Cover
Dundee FC,8284,2015-09-10,47.0,Balanced,47.0,Normal,48.0,Mixed,Organised,32.0,Safe,61.0,Normal,65.0,Normal,Organised,50.0,Medium,44.0,Press,52.0,Normal,Cover
Dundee United,9938,2014-09-19,60.0,Balanced,51.0,Normal,60.0,Mixed,Organised,52.0,Normal,55.0,Normal,38.0,Normal,Organised,41.0,Medium,40.0,Press,52.0,Normal,Cover
Dundee United,9938,2015-09-10,60.0,Balanced,58.0,Normal,53.0,Mixed,Organised,55.0,Normal,49.0,Normal,45.0,Normal,Organised,48.0,Medium,42.0,Press,53.0,Normal,Cover
SD Eibar,8372,2014-09-19,62.0,Balanced,51.0,Normal,52.0,Mixed,Organised,60.0,Normal,55.0,Normal,64.0,Normal,Organised,37.0,Medium,56.0,Press,49.0,Normal,Cover
SD Eibar,8372,2015-09-10,62.0,Balanced,51.0,Normal,52.0,Mixed,Organised,59.0,Normal,55.0,Normal,52.0,Normal,Organised,37.0,Medium,56.0,Press,49.0,Normal,Cover
Eintracht Braunschweig,9776,2014-09-19,61.0,Balanced,60.0,Normal,62.0,Mixed,Organised,59.0,Normal,43.0,Normal,55.0,Normal,Organised,30.0,Deep,40.0,Press,39.0,Normal,Cover
Eintracht Braunschweig,9776,2015-09-10,66.0,Balanced,44.0,Normal,54.0,Mixed,Organised,62.0,Normal,59.0,Normal,51.0,Normal,Free Form,57.0,Medium,47.0,Press,53.0,Normal,Cover
Eintracht Frankfurt,9810,2014-09-19,63.0,Balanced,48.0,Normal,42.0,Mixed,Organised,57.0,Normal,50.0,Normal,52.0,Normal,Organised,43.0,Medium,46.0,Press,55.0,Normal,Cover
Eintracht Frankfurt,9810,2015-09-10,51.0,Balanced,41.0,Normal,38.0,Mixed,Organised,47.0,Normal,58.0,Normal,40.0,Normal,Organised,48.0,Medium,42.0,Press,55.0,Normal,Cover
Elche CF,10268,2014-09-19,55.0,Balanced,47.0,Normal,69.0,Long,Organised,53.0,Normal,54.0,Normal,57.0,Normal,Organised,49.0,Medium,51.0,Press,58.0,Normal,Cover
Elche CF,10268,2015-09-10,51.0,Balanced,52.0,Normal,48.0,Mixed,Organised,53.0,Normal,54.0,Normal,57.0,Normal,Organised,49.0,Medium,51.0,Press,58.0,Normal,Cover
Empoli,8534,2014-09-19,63.0,Balanced,43.0,Normal,39.0,Mixed,Organised,66.0,Normal,67.0,Lots,51.0,Normal,Organised,53.0,Medium,57.0,Press,54.0,Normal,Cover
Empoli,8534,2015-09-10,66.0,Balanced,43.0,Normal,36.0,Mixed,Organised,59.0,Normal,64.0,Normal,63.0,Normal,Organised,46.0,Medium,66.0,Press,48.0,Normal,Cover
FC Energie Cottbus,8398,2014-09-19,39.0,Balanced,47.0,Normal,40.0,Mixed,Organised,52.0,Normal,67.0,Lots,56.0,Normal,Organised,47.0,Medium,55.0,Press,52.0,Normal,Cover
RCD Espanyol,8558,2014-09-19,50.0,Balanced,52.0,Normal,44.0,Mixed,Organised,52.0,Normal,60.0,Normal,40.0,Normal,Organised,37.0,Medium,40.0,Press,45.0,Normal,Cover
RCD Espanyol,8558,2015-09-10,50.0,Balanced,52.0,Normal,44.0,Mixed,Organised,52.0,Normal,60.0,Normal,40.0,Normal,Free Form,37.0,Medium,40.0,Press,45.0,Normal,Cover
Estoril Praia,7842,2014-09-19,66.0,Balanced,56.0,Normal,52.0,Mixed,Organised,47.0,Normal,53.0,Normal,39.0,Normal,Organised,46.0,Medium,49.0,Press,55.0,Normal,Cover
Estoril Praia,7842,2015-09-10,59.0,Balanced,56.0,Normal,52.0,Mixed,Organised,47.0,Normal,53.0,Normal,39.0,Normal,Organised,46.0,Medium,49.0,Press,55.0,Normal,Cover
Everton,8668,2014-09-19,61.0,Balanced,34.0,Normal,42.0,Mixed,Organised,39.0,Normal,59.0,Normal,48.0,Normal,Organised,52.0,Medium,58.0,Press,60.0,Normal,Cover
Everton,8668,2015-09-10,43.0,Balanced,45.0,Normal,40.0,Mixed,Organised,39.0,Normal,33.0,Little,63.0,Normal,Organised,52.0,Medium,58.0,Press,59.0,Normal,Cover
Évian Thonon Gaillard FC,4087,2014-09-19,61.0,Balanced,51.0,Normal,44.0,Mixed,Organised,52.0,Normal,61.0,Normal,48.0,Normal,Organised,47.0,Medium,56.0,Press,50.0,Normal,Cover
Évian Thonon Gaillard FC,4087,2015-09-10,58.0,Balanced,35.0,Normal,56.0,Mixed,Organised,52.0,Normal,61.0,Normal,51.0,Normal,Organised,47.0,Medium,43.0,Press,50.0,Normal,Cover
Excelsior,10218,2015-09-10,53.0,Balanced,41.0,Normal,69.0,Long,Organised,48.0,Normal,45.0,Normal,43.0,Normal,Organised,29.0,Deep,41.0,Press,36.0,Normal,Cover
1. FC Köln,8722,2014-09-19,59.0,Balanced,53.0,Normal,57.0,Mixed,Organised,53.0,Normal,47.0,Normal,59.0,Normal,Organised,57.0,Medium,46.0,Press,54.0,Normal,Cover
1. FC Köln,8722,2015-09-10,59.0,Balanced,47.0,Normal,65.0,Mixed,Organised,57.0,Normal,36.0,Normal,71.0,Lots,Organised,42.0,Medium,56.0,Press,51.0,Normal,Cover
FC Dordrecht,6631,2015-09-10,39.0,Balanced,33.0,Little,62.0,Mixed,Organised,62.0,Normal,66.0,Normal,48.0,Normal,Organised,51.0,Medium,58.0,Press,55.0,Normal,Cover
FC Groningen,8674,2014-09-19,48.0,Balanced,42.0,Normal,38.0,Mixed,Organised,57.0,Normal,59.0,Normal,45.0,Normal,Organised,49.0,Medium,47.0,Press,53.0,Normal,Cover
FC Groningen,8674,2015-09-10,55.0,Balanced,32.0,Little,55.0,Mixed,Organised,57.0,Normal,59.0,Normal,54.0,Normal,Organised,49.0,Medium,47.0,Press,53.0,Normal,Cover
FC Porto,9773,2014-09-19,52.0,Balanced,50.0,Normal,53.0,Mixed,Organised,56.0,Normal,66.0,Normal,68.0,Lots,Organised,58.0,Medium,60.0,Press,60.0,Normal,Cover
FC Porto,9773,2015-09-10,70.0,Fast,50.0,Normal,53.0,Mixed,Organised,56.0,Normal,66.0,Normal,68.0,Lots,Organised,58.0,Medium,60.0,Press,60.0,Normal,Cover
FC Utrecht,9908,2014-09-19,50.0,Balanced,50.0,Normal,52.0,Mixed,Organised,55.0,Normal,49.0,Normal,52.0,Normal,Organised,45.0,Medium,49.0,Press,47.0,Normal,Cover
FC Utrecht,9908,2015-09-10,50.0,Balanced,39.0,Normal,54.0,Mixed,Organised,55.0,Normal,64.0,Normal,28.0,Little,Organised,54.0,Medium,58.0,Press,47.0,Normal,Cover
FC Vaduz,9824,2015-09-10,53.0,Balanced,32.0,Little,56.0,Mixed,Organised,38.0,Normal,53.0,Normal,46.0,Normal,Organised,42.0,Medium,33.0,Contain,58.0,Normal,Cover
FC Zürich,10243,2014-09-19,62.0,Balanced,49.0,Normal,46.0,Mixed,Organised,47.0,Normal,50.0,Normal,54.0,Normal,Organised,47.0,Medium,43.0,Press,56.0,Normal,Cover
FC Zürich,10243,2015-09-10,62.0,Balanced,49.0,Normal,46.0,Mixed,Organised,47.0,Normal,50.0,Normal,54.0,Normal,Organised,47.0,Medium,43.0,Press,56.0,Normal,Cover
Feyenoord,10235,2014-09-19,54.0,Balanced,40.0,Normal,60.0,Mixed,Organised,48.0,Normal,67.0,Lots,50.0,Normal,Organised,43.0,Medium,43.0,Press,40.0,Normal,Cover
Feyenoord,10235,2015-09-10,50.0,Balanced,33.0,Little,48.0,Mixed,Organised,48.0,Normal,67.0,Lots,31.0,Little,Organised,43.0,Medium,46.0,Press,40.0,Normal,Cover
Fiorentina,8535,2014-09-19,34.0,Balanced,54.0,Normal,33.0,Short,Organised,68.0,Risky,51.0,Normal,53.0,Normal,Organised,58.0,Medium,59.0,Press,67.0,Wide,Cover
Fiorentina,8535,2015-09-10,34.0,Balanced,54.0,Normal,33.0,Short,Organised,68.0,Risky,51.0,Normal,53.0,Normal,Organised,58.0,Medium,59.0,Press,61.0,Normal,Cover
Fortuna Düsseldorf,8194,2014-09-19,72.0,Fast,69.0,Lots,57.0,Mixed,Organised,55.0,Normal,49.0,Normal,37.0,Normal,Organised,47.0,Medium,48.0,Press,50.0,Normal,Cover
Fortuna Düsseldorf,8194,2015-09-10,47.0,Balanced,62.0,Normal,47.0,Mixed,Organised,55.0,Normal,68.0,Lots,55.0,Normal,Organised,56.0,Medium,57.0,Press,52.0,Normal,Cover
SC Freiburg,8358,2014-09-19,39.0,Balanced,58.0,Normal,48.0,Mixed,Organised,55.0,Normal,33.0,Little,44.0,Normal,Free Form,59.0,Medium,60.0,Press,39.0,Normal,Cover
SC Freiburg,8358,2015-09-10,59.0,Balanced,54.0,Normal,38.0,Mixed,Organised,55.0,Normal,44.0,Normal,45.0,Normal,Free Form,53.0,Medium,62.0,Press,29.0,Narrow,Cover
Frosinone,9891,2015-09-10,63.0,Balanced,48.0,Normal,46.0,Mixed,Organised,51.0,Normal,50.0,Normal,50.0,Normal,Organised,55.0,Medium,57.0,Press,47.0,Normal,Cover
Fulham,9879,2014-09-19,52.0,Balanced,34.0,Normal,56.0,Mixed,Organised,58.0,Normal,41.0,Normal,54.0,Normal,Organised,29.0,Deep,28.0,Contain,39.0,Normal,Cover
Fulham,9879,2015-09-10,52.0,Balanced,34.0,Normal,48.0,Mixed,Organised,39.0,Normal,54.0,Normal,59.0,Normal,Organised,29.0,Deep,30.0,Contain,39.0,Normal,Cover
KRC Genk,9987,2014-09-19,58.0,Balanced,52.0,Normal,38.0,Mixed,Organised,67.0,Risky,48.0,Normal,56.0,Normal,Organised,47.0,Medium,45.0,Press,55.0,Normal,Cover
KRC Genk,9987,2015-09-10,58.0,Balanced,52.0,Normal,38.0,Mixed,Organised,30.0,Safe,69.0,Lots,56.0,Normal,Organised,36.0,Medium,57.0,Press,70.0,Wide,Cover
Genoa,10233,2014-09-19,64.0,Balanced,52.0,Normal,68.0,Long,Organised,66.0,Normal,53.0,Normal,49.0,Normal,Organised,23.0,Deep,47.0,Press,53.0,Normal,Cover
Genoa,10233,2015-09-10,64.0,Balanced,52.0,Normal,68.0,Long,Organised,66.0,Normal,45.0,Normal,23.0,Little,Organised,27.0,Deep,47.0,Press,53.0,Normal,Cover
KAA Gent,9991,2014-09-19,50.0,Balanced,55.0,Normal,37.0,Mixed,Organised,28.0,Safe,66.0,Normal,34.0,Normal,Organised,55.0,Medium,59.0,Press,52.0,Normal,Cover
KAA Gent,9991,2015-09-10,50.0,Balanced,55.0,Normal,37.0,Mixed,Organised,42.0,Normal,66.0,Normal,34.0,Normal,Organised,49.0,Medium,54.0,Press,52.0,Normal,Cover
Getafe CF,8305,2014-09-19,35.0,Balanced,42.0,Normal,40.0,Mixed,Organised,58.0,Normal,42.0,Normal,52.0,Normal,Organised,49.0,Medium,45.0,Press,47.0,Normal,Cover
Getafe CF,8305,2015-09-10,34.0,Balanced,41.0,Normal,38.0,Mixed,Organised,55.0,Normal,39.0,Normal,49.0,Normal,Organised,43.0,Medium,42.0,Press,49.0,Normal,Cover
GFC Ajaccio,6391,2015-09-10,48.0,Balanced,53.0,Normal,52.0,Mixed,Organised,55.0,Normal,53.0,Normal,55.0,Normal,Organised,42.0,Medium,46.0,Press,53.0,Normal,Cover
Gil Vicente FC,9764,2014-09-19,65.0,Balanced,67.0,Lots,41.0,Mixed,Organised,54.0,Normal,47.0,Normal,46.0,Normal,Free Form,39.0,Medium,40.0,Press,53.0,Normal,Cover
Gil Vicente FC,9764,2015-09-10,68.0,Fast,67.0,Lots,41.0,Mixed,Organised,54.0,Normal,47.0,Normal,46.0,Normal,Free Form,39.0,Medium,40.0,Press,53.0,Normal,Cover
GKS Bełchatów,8569,2015-09-10,52.0,Balanced,48.0,Normal,43.0,Mixed,Organised,52.0,Normal,37.0,Normal,50.0,Normal,Organised,47.0,Medium,45.0,Press,40.0,Normal,Cover
Go Ahead Eagles,6433,2014-09-19,55.0,Balanced,47.0,Normal,42.0,Mixed,Organised,37.0,Normal,42.0,Normal,53.0,Normal,Organised,43.0,Medium,47.0,Press,51.0,Normal,Cover
Go Ahead Eagles,6433,2015-09-10,58.0,Balanced,38.0,Normal,64.0,Mixed,Organised,37.0,Normal,42.0,Normal,52.0,Normal,Organised,43.0,Medium,47.0,Press,51.0,Normal,Cover
Górnik Łęczna,8019,2015-09-10,41.0,Balanced,40.0,Normal,59.0,Mixed,Organised,41.0,Normal,44.0,Normal,54.0,Normal,Organised,52.0,Medium,47.0,Press,50.0,Normal,Cover
Granada CF,7878,2014-09-19,52.0,Balanced,62.0,Normal,37.0,Mixed,Organised,67.0,Risky,68.0,Lots,52.0,Normal,Organised,49.0,Medium,45.0,Press,64.0,Normal,Cover
Granada CF,7878,2015-09-10,57.0,Balanced,50.0,Normal,59.0,Mixed,Organised,61.0,Normal,63.0,Normal,51.0,Normal,Organised,48.0,Medium,45.0,Press,62.0,Normal,Cover
Grasshopper Club Zürich,9956,2014-09-19,50.0,Balanced,60.0,Normal,54.0,Mixed,Organised,52.0,Normal,54.0,Normal,46.0,Normal,Organised,36.0,Medium,43.0,Press,47.0,Normal,Cover
Grasshopper Club Zürich,9956,2015-09-10,50.0,Balanced,60.0,Normal,54.0,Mixed,Organised,52.0,Normal,54.0,Normal,46.0,Normal,Organised,36.0,Medium,43.0,Press,47.0,Normal,Cover
SpVgg Greuther Fürth,8357,2014-09-19,66.0,Balanced,60.0,Normal,38.0,Mixed,Organised,56.0,Normal,40.0,Normal,52.0,Normal,Organised,49.0,Medium,48.0,Press,62.0,Normal,Cover
SpVgg Greuther Fürth,8357,2015-09-10,54.0,Balanced,60.0,Normal,53.0,Mixed,Organised,54.0,Normal,49.0,Normal,46.0,Normal,Organised,48.0,Medium,56.0,Press,66.0,Normal,Cover
En Avant de Guingamp,9747,2014-09-19,63.0,Balanced,58.0,Normal,48.0,Mixed,Organised,53.0,Normal,49.0,Normal,48.0,Normal,Organised,43.0,Medium,47.0,Press,49.0,Normal,Cover
En Avant de Guingamp,9747,2015-09-10,63.0,Balanced,37.0,Normal,58.0,Mixed,Organised,42.0,Normal,56.0,Normal,36.0,Normal,Organised,49.0,Medium,47.0,Press,49.0,Normal,Cover
Hamburger SV,9790,2014-09-19,45.0,Balanced,61.0,Normal,58.0,Mixed,Organised,60.0,Normal,73.0,Lots,62.0,Normal,Organised,45.0,Medium,32.0,Contain,63.0,Normal,Cover
Hamburger SV,9790,2015-09-10,42.0,Balanced,56.0,Normal,52.0,Mixed,Organised,62.0,Normal,58.0,Normal,47.0,Normal,Organised,44.0,Medium,41.0,Press,49.0,Normal,Cover
Hamilton Academical FC,8429,2015-09-10,48.0,Balanced,48.0,Normal,47.0,Mixed,Free Form,73.0,Risky,53.0,Normal,71.0,Lots,Organised,55.0,Medium,48.0,Press,52.0,Normal,Cover
Hannover 96,9904,2014-09-19,48.0,Balanced,55.0,Normal,38.0,Mixed,Organised,38.0,Normal,51.0,Normal,40.0,Normal,Organised,37.0,Medium,48.0,Press,56.0,Normal,Cover
Hannover 96,9904,2015-09-10,48.0,Balanced,55.0,Normal,41.0,Mixed,Organised,38.0,Normal,51.0,Normal,40.0,Normal,Organised,35.0,Medium,50.0,Press,61.0,Normal,Cover
Heart of Midlothian,9860,2014-09-19,55.0,Balanced,51.0,Normal,62.0,Mixed,Organised,55.0,Normal,61.0,Normal,60.0,Normal,Organised,49.0,Medium,52.0,Press,57.0,Normal,Cover
Heracles Almelo,9791,2014-09-19,46.0,Balanced,55.0,Normal,32.0,Short,Organised,48.0,Normal,58.0,Normal,59.0,Normal,Organised,60.0,Medium,62.0,Press,47.0,Normal,Cover
Heracles Almelo,9791,2015-09-10,50.0,Balanced,36.0,Normal,61.0,Mixed,Organised,48.0,Normal,58.0,Normal,59.0,Normal,Organised,60.0,Medium,62.0,Press,47.0,Normal,Cover
Hércules Club de Fútbol,10278,2014-09-19,53.0,Balanced,47.0,Normal,54.0,Mixed,Organised,60.0,Normal,58.0,Normal,60.0,Normal,Organised,50.0,Medium,52.0,Press,58.0,Normal,Cover
Hertha BSC Berlin,8177,2014-09-19,68.0,Fast,52.0,Normal,55.0,Mixed,Organised,51.0,Normal,59.0,Normal,59.0,Normal,Organised,41.0,Medium,60.0,Press,51.0,Normal,Cover
Hertha BSC Berlin,8177,2015-09-10,47.0,Balanced,44.0,Normal,55.0,Mixed,Organised,59.0,Normal,68.0,Lots,45.0,Normal,Organised,50.0,Medium,45.0,Press,57.0,Normal,Cover
Hibernian,10251,2014-09-19,55.0,Balanced,49.0,Normal,44.0,Mixed,Organised,47.0,Normal,43.0,Normal,49.0,Normal,Organised,43.0,Medium,41.0,Press,40.0,Normal,Cover
TSG 1899 Hoffenheim,8226,2014-09-19,68.0,Fast,49.0,Normal,63.0,Mixed,Organised,68.0,Risky,38.0,Normal,55.0,Normal,Free Form,56.0,Medium,57.0,Press,54.0,Normal,Cover
TSG 1899 Hoffenheim,8226,2015-09-10,69.0,Fast,49.0,Normal,53.0,Mixed,Organised,66.0,Normal,62.0,Normal,59.0,Normal,Organised,63.0,Medium,61.0,Press,38.0,Normal,Cover
Hull City,8667,2014-09-19,56.0,Balanced,35.0,Normal,51.0,Mixed,Organised,54.0,Normal,60.0,Normal,48.0,Normal,Organised,38.0,Medium,37.0,Press,46.0,Normal,Cover
Hull City,8667,2015-09-10,56.0,Balanced,40.0,Normal,55.0,Mixed,Organised,54.0,Normal,49.0,Normal,56.0,Normal,Organised,38.0,Medium,37.0,Press,46.0,Normal,Cover
FC Ingolstadt 04,8234,2014-09-19,54.0,Balanced,59.0,Normal,47.0,Mixed,Organised,53.0,Normal,33.0,Little,52.0,Normal,Organised,42.0,Medium,36.0,Press,49.0,Normal,Cover
FC Ingolstadt 04,8234,2015-09-10,55.0,Balanced,51.0,Normal,46.0,Mixed,Organised,47.0,Normal,53.0,Normal,51.0,Normal,Organised,37.0,Medium,48.0,Press,49.0,Normal,Cover
Inter,8636,2014-09-19,67.0,Fast,48.0,Normal,67.0,Long,Organised,68.0,Risky,69.0,Lots,66.0,Normal,Organised,23.0,Deep,57.0,Press,34.0,Normal,Cover
Inter,8636,2015-09-10,58.0,Balanced,69.0,Lots,54.0,Mixed,Organised,56.0,Normal,60.0,Normal,53.0,Normal,Organised,47.0,Medium,49.0,Press,63.0,Normal,Cover
Inverness Caledonian Thistle,8066,2014-09-19,61.0,Balanced,49.0,Normal,59.0,Mixed,Organised,50.0,Normal,57.0,Normal,55.0,Normal,Organised,43.0,Medium,41.0,Press,46.0,Normal,Cover
Inverness Caledonian Thistle,8066,2015-09-10,48.0,Balanced,47.0,Normal,32.0,Short,Organised,57.0,Normal,48.0,Normal,69.0,Lots,Free Form,44.0,Medium,44.0,Press,51.0,Normal,Cover
Jagiellonia Białystok,1957,2014-09-19,38.0,Balanced,54.0,Normal,38.0,Mixed,Organised,53.0,Normal,27.0,Little,66.0,Normal,Organised,57.0,Medium,56.0,Press,49.0,Normal,Cover
Jagiellonia Białystok,1957,2015-09-10,66.0,Balanced,54.0,Normal,38.0,Mixed,Organised,53.0,Normal,33.0,Little,66.0,Normal,Organised,57.0,Medium,56.0,Press,49.0,Normal,Cover
Juventus,9885,2014-09-19,26.0,Slow,47.0,Normal,24.0,Short,Organised,64.0,Normal,53.0,Normal,72.0,Lots,Organised,23.0,Deep,67.0,Double,36.0,Normal,Cover
Juventus,9885,2015-09-10,50.0,Balanced,35.0,Normal,20.0,Short,Organised,65.0,Normal,50.0,Normal,80.0,Lots,Organised,35.0,Medium,65.0,Press,35.0,Normal,Cover
1. FC Kaiserslautern,8350,2014-09-19,66.0,Balanced,48.0,Normal,53.0,Mixed,Organised,54.0,Normal,69.0,Lots,51.0,Normal,Organised,47.0,Medium,47.0,Press,49.0,Normal,Cover
1. FC Kaiserslautern,8350,2015-09-10,49.0,Balanced,54.0,Normal,52.0,Mixed,Organised,49.0,Normal,54.0,Normal,64.0,Normal,Organised,41.0,Medium,51.0,Press,53.0,Normal,Cover
Karlsruher SC,8295,2014-09-19,56.0,Balanced,55.0,Normal,53.0,Mixed,Organised,53.0,Normal,46.0,Normal,49.0,Normal,Organised,32.0,Deep,46.0,Press,37.0,Normal,Cover
Karlsruher SC,8295,2015-09-10,54.0,Balanced,52.0,Normal,47.0,Mixed,Organised,53.0,Normal,44.0,Normal,49.0,Normal,Organised,34.0,Medium,46.0,Press,39.0,Normal,Cover
Kilmarnock,8597,2014-09-19,56.0,Balanced,50.0,Normal,61.0,Mixed,Organised,56.0,Normal,48.0,Normal,46.0,Normal,Organised,44.0,Medium,44.0,Press,52.0,Normal,Cover
Kilmarnock,8597,2015-09-10,50.0,Balanced,48.0,Normal,60.0,Mixed,Organised,49.0,Normal,62.0,Normal,47.0,Normal,Organised,46.0,Medium,46.0,Press,52.0,Normal,Cover
Korona Kielce,8245,2014-09-19,73.0,Fast,69.0,Lots,50.0,Mixed,Organised,64.0,Normal,53.0,Normal,36.0,Normal,Organised,30.0,Deep,43.0,Press,62.0,Normal,Cover
Korona Kielce,8245,2015-09-10,59.0,Balanced,69.0,Lots,50.0,Mixed,Organised,64.0,Normal,53.0,Normal,36.0,Normal,Organised,30.0,Deep,43.0,Press,62.0,Normal,Cover
KV Kortrijk,8571,2014-09-19,42.0,Balanced,40.0,Normal,47.0,Mixed,Organised,37.0,Normal,67.0,Lots,30.0,Little,Organised,46.0,Medium,45.0,Press,52.0,Normal,Cover
KV Kortrijk,8571,2015-09-10,42.0,Balanced,40.0,Normal,47.0,Mixed,Organised,37.0,Normal,67.0,Lots,30.0,Little,Organised,46.0,Medium,45.0,Press,52.0,Normal,Cover
KV Mechelen,8203,2014-09-19,52.0,Balanced,42.0,Normal,40.0,Mixed,Organised,47.0,Normal,53.0,Normal,50.0,Normal,Organised,42.0,Medium,51.0,Press,52.0,Normal,Cover
KV Mechelen,8203,2015-09-10,52.0,Balanced,42.0,Normal,40.0,Mixed,Organised,47.0,Normal,53.0,Normal,50.0,Normal,Organised,42.0,Medium,51.0,Press,52.0,Normal,Cover
UD Las Palmas,8306,2014-09-19,48.0,Balanced,55.0,Normal,44.0,Mixed,Organised,53.0,Normal,42.0,Normal,53.0,Normal,Organised,53.0,Medium,39.0,Press,57.0,Normal,Cover
UD Las Palmas,8306,2015-09-10,48.0,Balanced,55.0,Normal,44.0,Mixed,Organised,53.0,Normal,42.0,Normal,53.0,Normal,Organised,53.0,Medium,39.0,Press,57.0,Normal,Cover
FC Lausanne-Sports,7730,2014-09-19,37.0,Balanced,55.0,Normal,49.0,Mixed,Organised,52.0,Normal,60.0,Normal,52.0,Normal,Organised,46.0,Medium,44.0,Press,55.0,Normal,Cover
Lazio,8543,2014-09-19,49.0,Balanced,69.0,Lots,54.0,Mixed,Organised,68.0,Risky,63.0,Normal,69.0,Lots,Organised,59.0,Medium,53.0,Press,54.0,Normal,Cover
Lazio,8543,2015-09-10,68.0,Fast,65.0,Normal,55.0,Mixed,Organised,68.0,Risky,80.0,Lots,72.0,Lots,Free Form,59.0,Medium,66.0,Press,65.0,Normal,Cover
Le Havre AC,9746,2014-09-19,46.0,Balanced,56.0,Normal,52.0,Mixed,Organised,49.0,Normal,54.0,Normal,52.0,Normal,Organised,47.0,Medium,55.0,Press,52.0,Normal,Cover
Le Havre AC,9746,2015-09-10,46.0,Balanced,56.0,Normal,52.0,Mixed,Organised,49.0,Normal,54.0,Normal,52.0,Normal,Organised,47.0,Medium,55.0,Press,52.0,Normal,Cover
Lech Poznań,2182,2014-09-19,67.0,Fast,55.0,Normal,54.0,Mixed,Organised,56.0,Normal,62.0,Normal,67.0,Lots,Organised,47.0,Medium,47.0,Press,63.0,Normal,Cover
Lech Poznań,2182,2015-09-10,57.0,Balanced,50.0,Normal,40.0,Mixed,Free Form,59.0,Normal,70.0,Lots,67.0,Lots,Free Form,50.0,Medium,58.0,Press,45.0,Normal,Cover
Lechia Gdańsk,8030,2014-09-19,62.0,Balanced,48.0,Normal,52.0,Mixed,Organised,50.0,Normal,63.0,Normal,52.0,Normal,Organised,37.0,Medium,58.0,Press,63.0,Normal,Cover
Lechia Gdańsk,8030,2015-09-10,62.0,Balanced,48.0,Normal,52.0,Mixed,Free Form,66.0,Normal,59.0,Normal,58.0,Normal,Organised,51.0,Medium,58.0,Press,40.0,Normal,Cover
Legia Warszawa,8673,2014-09-19,54.0,Balanced,51.0,Normal,36.0,Mixed,Free Form,52.0,Normal,51.0,Normal,64.0,Normal,Organised,47.0,Medium,46.0,Press,66.0,Normal,Cover
Legia Warszawa,8673,2015-09-10,54.0,Balanced,47.0,Normal,36.0,Mixed,Organised,52.0,Normal,51.0,Normal,64.0,Normal,Free Form,50.0,Medium,60.0,Press,58.0,Normal,Cover
Leicester City,8197,2014-09-19,63.0,Balanced,36.0,Normal,48.0,Mixed,Organised,47.0,Normal,62.0,Normal,69.0,Lots,Organised,58.0,Medium,62.0,Press,54.0,Normal,Cover
Leicester City,8197,2015-09-10,63.0,Balanced,41.0,Normal,60.0,Mixed,Organised,47.0,Normal,64.0,Normal,46.0,Normal,Organised,58.0,Medium,65.0,Press,55.0,Normal,Cover
RC Lens,8588,2014-09-19,64.0,Balanced,52.0,Normal,49.0,Mixed,Organised,49.0,Normal,53.0,Normal,34.0,Normal,Organised,46.0,Medium,44.0,Press,49.0,Normal,Cover
RC Lens,8588,2015-09-10,64.0,Balanced,44.0,Normal,50.0,Mixed,Organised,49.0,Normal,53.0,Normal,46.0,Normal,Organised,46.0,Medium,44.0,Press,49.0,Normal,Cover
Levante UD,8581,2014-09-19,57.0,Balanced,51.0,Normal,63.0,Mixed,Organised,55.0,Normal,61.0,Normal,52.0,Normal,Organised,47.0,Medium,52.0,Press,56.0,Normal,Cover
Levante UD,8581,2015-09-10,62.0,Balanced,36.0,Normal,65.0,Mixed,Organised,71.0,Risky,42.0,Normal,65.0,Normal,Organised,36.0,Medium,33.0,Contain,42.0,Normal,Cover
Lierse SK,9989,2014-09-19,69.0,Fast,44.0,Normal,58.0,Mixed,Organised,56.0,Normal,52.0,Normal,61.0,Normal,Organised,38.0,Medium,49.0,Press,65.0,Normal,Cover
Lierse SK,9989,2015-09-10,69.0,Fast,44.0,Normal,58.0,Mixed,Organised,56.0,Normal,52.0,Normal,61.0,Normal,Organised,38.0,Medium,49.0,Press,65.0,Normal,Cover
LOSC Lille,8639,2014-09-19,45.0,Balanced,65.0,Normal,42.0,Mixed,Organised,68.0,Risky,52.0,Normal,49.0,Normal,Organised,59.0,Medium,42.0,Press,48.0,Normal,Cover
LOSC Lille,8639,2015-09-10,45.0,Balanced,36.0,Normal,43.0,Mixed,Organised,68.0,Risky,52.0,Normal,64.0,Normal,Organised,59.0,Medium,42.0,Press,48.0,Normal,Cover
Liverpool,8650,2014-09-19,71.0,Fast,48.0,Normal,32.0,Short,Organised,34.0,Normal,41.0,Normal,61.0,Normal,Organised,51.0,Medium,48.0,Press,62.0,Normal,Cover
Liverpool,8650,2015-09-10,66.0,Balanced,60.0,Normal,45.0,Mixed,Organised,34.0,Normal,34.0,Normal,46.0,Normal,Organised,51.0,Medium,52.0,Press,61.0,Normal,Cover
Livorno,8537,2014-09-19,58.0,Balanced,58.0,Normal,67.0,Long,Organised,38.0,Normal,23.0,Little,77.0,Lots,Organised,29.0,Deep,57.0,Press,32.0,Narrow,Cover
Livorno,8537,2015-09-10,58.0,Balanced,58.0,Normal,67.0,Long,Organised,38.0,Normal,27.0,Little,69.0,Lots,Organised,31.0,Deep,57.0,Press,38.0,Normal,Cover
Widzew Łódź,8244,2014-09-19,66.0,Balanced,52.0,Normal,72.0,Long,Organised,66.0,Normal,67.0,Lots,51.0,Normal,Organised,36.0,Medium,38.0,Press,65.0,Normal,Cover
Sporting Lokeren,9994,2014-09-19,62.0,Balanced,45.0,Normal,52.0,Mixed,Organised,42.0,Normal,50.0,Normal,62.0,Normal,Organised,45.0,Medium,52.0,Press,52.0,Normal,Cover
Sporting Lokeren,9994,2015-09-10,62.0,Balanced,45.0,Normal,52.0,Mixed,Organised,42.0,Normal,50.0,Normal,62.0,Normal,Organised,45.0,Medium,52.0,Press,52.0,Normal,Cover
FC Lorient,8689,2014-09-19,60.0,Balanced,56.0,Normal,42.0,Mixed,Organised,48.0,Normal,53.0,Normal,64.0,Normal,Organised,43.0,Medium,47.0,Press,48.0,Normal,Cover
FC Lorient,8689,2015-09-10,57.0,Balanced,42.0,Normal,50.0,Mixed,Organised,48.0,Normal,53.0,Normal,46.0,Normal,Organised,51.0,Medium,56.0,Press,55.0,Normal,Cover
FC Luzern,10199,2014-09-19,63.0,Balanced,51.0,Normal,51.0,Mixed,Organised,54.0,Normal,40.0,Normal,66.0,Normal,Organised,48.0,Medium,53.0,Press,50.0,Normal,Cover
FC Luzern,10199,2015-09-10,63.0,Balanced,51.0,Normal,51.0,Mixed,Organised,54.0,Normal,40.0,Normal,66.0,Normal,Organised,48.0,Medium,53.0,Press,50.0,Normal,Cover
Olympique Lyonnais,9748,2014-09-19,49.0,Balanced,60.0,Normal,52.0,Mixed,Organised,49.0,Normal,54.0,Normal,67.0,Lots,Organised,46.0,Medium,47.0,Press,47.0,Normal,Cover
Olympique Lyonnais,9748,2015-09-10,49.0,Balanced,60.0,Normal,52.0,Mixed,Organised,49.0,Normal,54.0,Normal,67.0,Lots,Organised,46.0,Medium,47.0,Press,47.0,Normal,Cover
1. FSV Mainz 05,9905,2014-09-19,67.0,Fast,54.0,Normal,57.0,Mixed,Organised,55.0,Normal,38.0,Normal,44.0,Normal,Organised,53.0,Medium,60.0,Press,52.0,Normal,Cover
1. FSV Mainz 05,9905,2015-09-10,60.0,Balanced,43.0,Normal,53.0,Mixed,Organised,49.0,Normal,40.0,Normal,44.0,Normal,Organised,55.0,Medium,62.0,Press,47.0,Normal,Cover
Málaga CF,9864,2014-09-19,45.0,Balanced,42.0,Normal,36.0,Mixed,Organised,69.0,Risky,69.0,Lots,50.0,Normal,Organised,64.0,Medium,58.0,Press,42.0,Normal,Cover
Málaga CF,9864,2015-09-10,42.0,Balanced,51.0,Normal,36.0,Mixed,Organised,41.0,Normal,40.0,Normal,50.0,Normal,Organised,47.0,Medium,37.0,Press,52.0,Normal,Offside Trap
RCD Mallorca,8661,2014-09-19,62.0,Balanced,53.0,Normal,57.0,Mixed,Organised,53.0,Normal,57.0,Normal,53.0,Normal,Organised,59.0,Medium,41.0,Press,56.0,Normal,Cover
RCD Mallorca,8661,2015-09-10,62.0,Balanced,53.0,Normal,57.0,Mixed,Organised,53.0,Normal,57.0,Normal,53.0,Normal,Organised,59.0,Medium,41.0,Press,56.0,Normal,Cover
Manchester City,8456,2014-09-19,59.0,Balanced,35.0,Normal,29.0,Short,Organised,32.0,Safe,49.0,Normal,62.0,Normal,Organised,42.0,Medium,44.0,Press,54.0,Normal,Cover
Manchester City,8456,2015-09-10,59.0,Balanced,35.0,Normal,29.0,Short,Free Form,38.0,Normal,36.0,Normal,24.0,Little,Free Form,48.0,Medium,47.0,Press,54.0,Normal,Cover
Manchester United,10260,2014-09-19,46.0,Balanced,34.0,Normal,54.0,Mixed,Organised,49.0,Normal,72.0,Lots,56.0,Normal,Organised,42.0,Medium,41.0,Press,56.0,Normal,Cover
Manchester United,10260,2015-09-10,38.0,Balanced,42.0,Normal,44.0,Mixed,Organised,49.0,Normal,44.0,Normal,40.0,Normal,Organised,54.0,Medium,53.0,Press,56.0,Normal,Cover
CS Marítimo,10212,2014-09-19,67.0,Fast,49.0,Normal,66.0,Mixed,Free Form,67.0,Risky,64.0,Normal,55.0,Normal,Organised,37.0,Medium,45.0,Press,44.0,Normal,Cover
CS Marítimo,10212,2015-09-10,61.0,Balanced,49.0,Normal,66.0,Mixed,Organised,67.0,Risky,64.0,Normal,55.0,Normal,Organised,38.0,Medium,49.0,Press,46.0,Normal,Cover
Olympique de Marseille,8592,2014-09-19,51.0,Balanced,62.0,Normal,50.0,Mixed,Organised,49.0,Normal,69.0,Lots,68.0,Lots,Organised,48.0,Medium,48.0,Press,60.0,Normal,Cover
Olympique de Marseille,8592,2015-09-10,51.0,Balanced,77.0,Lots,41.0,Mixed,Organised,49.0,Normal,69.0,Lots,31.0,Little,Organised,48.0,Medium,48.0,Press,60.0,Normal,Cover
FC Metz,8550,2014-09-19,55.0,Balanced,42.0,Normal,49.0,Mixed,Organised,49.0,Normal,54.0,Normal,53.0,Normal,Organised,46.0,Medium,54.0,Press,50.0,Normal,Cover
FC Metz,8550,2015-09-10,55.0,Balanced,48.0,Normal,49.0,Mixed,Organised,46.0,Normal,54.0,Normal,53.0,Normal,Organised,39.0,Medium,46.0,Press,42.0,Normal,Cover
Middlesbrough,8549,2014-09-19,60.0,Balanced,28.0,Little,56.0,Mixed,Organised,49.0,Normal,56.0,Normal,72.0,Lots,Organised,38.0,Medium,42.0,Press,42.0,Normal,Cover
Middlesbrough,8549,2015-09-10,60.0,Balanced,32.0,Little,46.0,Mixed,Organised,43.0,Normal,55.0,Normal,37.0,Normal,Organised,38.0,Medium,42.0,Press,42.0,Normal,Cover
AS Monaco,9829,2014-09-19,52.0,Balanced,68.0,Lots,48.0,Mixed,Organised,37.0,Normal,37.0,Normal,37.0,Normal,Organised,35.0,Medium,34.0,Press,51.0,Normal,Cover
AS Monaco,9829,2015-09-10,52.0,Balanced,42.0,Normal,43.0,Mixed,Organised,54.0,Normal,56.0,Normal,23.0,Little,Organised,56.0,Medium,62.0,Press,51.0,Normal,Cover
RAEC Mons,9998,2014-09-19,55.0,Balanced,50.0,Normal,55.0,Mixed,Organised,55.0,Normal,67.0,Lots,46.0,Normal,Organised,46.0,Medium,45.0,Press,47.0,Normal,Cover
Montpellier Hérault SC,10249,2014-09-19,52.0,Balanced,58.0,Normal,47.0,Mixed,Organised,48.0,Normal,49.0,Normal,52.0,Normal,Organised,53.0,Medium,56.0,Press,48.0,Normal,Cover
Montpellier Hérault SC,10249,2015-09-10,54.0,Balanced,43.0,Normal,65.0,Mixed,Organised,48.0,Normal,49.0,Normal,45.0,Normal,Organised,53.0,Medium,56.0,Press,48.0,Normal,Cover
Moreirense FC,8348,2015-09-10,38.0,Balanced,58.0,Normal,43.0,Mixed,Organised,51.0,Normal,54.0,Normal,39.0,Normal,Organised,44.0,Medium,46.0,Press,48.0,Normal,Cover
Motherwell,9927,2014-09-19,70.0,Fast,47.0,Normal,55.0,Mixed,Organised,42.0,Normal,47.0,Normal,60.0,Normal,Organised,41.0,Medium,43.0,Press,62.0,Normal,Cover
Motherwell,9927,2015-09-10,64.0,Balanced,46.0,Normal,55.0,Mixed,Organised,44.0,Normal,45.0,Normal,27.0,Little,Organised,37.0,Medium,44.0,Press,51.0,Normal,Cover
Royal Excel Mouscron,274581,2015-09-10,50.0,Balanced,50.0,Normal,50.0,Mixed,Organised,50.0,Normal,50.0,Normal,50.0,Normal,Organised,45.0,Medium,45.0,Press,50.0,Normal,Cover
Royal Excel Mouscron,9996,2015-09-10,50.0,Balanced,50.0,Normal,50.0,Mixed,Organised,50.0,Normal,50.0,Normal,50.0,Normal,Organised,45.0,Medium,45.0,Press,50.0,Normal,Cover
Royal Excel Mouscron,9996,2015-09-10,50.0,Balanced,50.0,Normal,50.0,Mixed,Organised,50.0,Normal,50.0,Normal,50.0,Normal,Organised,45.0,Medium,45.0,Press,50.0,Normal,Cover
NAC Breda,9761,2014-09-19,46.0,Balanced,44.0,Normal,54.0,Mixed,Organised,32.0,Safe,42.0,Normal,42.0,Normal,Organised,43.0,Medium,39.0,Press,50.0,Normal,Cover
NAC Breda,9761,2015-09-10,45.0,Balanced,49.0,Normal,59.0,Mixed,Organised,32.0,Safe,42.0,Normal,54.0,Normal,Organised,36.0,Medium,39.0,Press,40.0,Normal,Cover
CD Nacional,10214,2014-09-19,41.0,Balanced,59.0,Normal,43.0,Mixed,Organised,53.0,Normal,44.0,Normal,53.0,Normal,Organised,42.0,Medium,42.0,Press,57.0,Normal,Cover
CD Nacional,10214,2015-09-10,65.0,Balanced,59.0,Normal,43.0,Mixed,Organised,53.0,Normal,44.0,Normal,53.0,Normal,Organised,42.0,Medium,42.0,Press,57.0,Normal,Cover
AS Nancy-Lorraine,8481,2014-09-19,49.0,Balanced,48.0,Normal,49.0,Mixed,Organised,52.0,Normal,53.0,Normal,67.0,Lots,Organised,43.0,Medium,46.0,Press,50.0,Normal,Cover
AS Nancy-Lorraine,8481,2015-09-10,49.0,Balanced,48.0,Normal,49.0,Mixed,Organised,52.0,Normal,53.0,Normal,67.0,Lots,Organised,43.0,Medium,46.0,Press,50.0,Normal,Cover
FC Nantes,9830,2014-09-19,63.0,Balanced,53.0,Normal,48.0,Mixed,Organised,52.0,Normal,55.0,Normal,49.0,Normal,Organised,47.0,Medium,51.0,Press,54.0,Normal,Cover
FC Nantes,9830,2015-09-10,63.0,Balanced,70.0,Lots,56.0,Mixed,Organised,52.0,Normal,55.0,Normal,46.0,Normal,Organised,39.0,Medium,41.0,Press,52.0,Normal,Cover
N.E.C.,8464,2014-09-19,49.0,Balanced,42.0,Normal,59.0,Mixed,Organised,52.0,Normal,49.0,Normal,55.0,Normal,Organised,40.0,Medium,48.0,Press,53.0,Normal,Cover
Newcastle United,10261,2014-09-19,54.0,Balanced,33.0,Little,47.0,Mixed,Organised,47.0,Normal,51.0,Normal,39.0,Normal,Organised,56.0,Medium,54.0,Press,51.0,Normal,Cover
Newcastle United,10261,2015-09-10,58.0,Balanced,45.0,Normal,49.0,Mixed,Organised,47.0,Normal,54.0,Normal,46.0,Normal,Organised,41.0,Medium,39.0,Press,51.0,Normal,Cover
OGC Nice,9831,2014-09-19,48.0,Balanced,61.0,Normal,66.0,Mixed,Organised,49.0,Normal,66.0,Normal,34.0,Normal,Organised,56.0,Medium,47.0,Press,64.0,Normal,Cover
OGC Nice,9831,2015-09-10,48.0,Balanced,55.0,Normal,53.0,Mixed,Organised,49.0,Normal,66.0,Normal,38.0,Normal,Organised,57.0,Medium,47.0,Press,61.0,Normal,Cover
Norwich City,9850,2014-09-19,45.0,Balanced,28.0,Little,64.0,Mixed,Organised,55.0,Normal,67.0,Lots,42.0,Normal,Organised,40.0,Medium,43.0,Press,51.0,Normal,Cover
Norwich City,9850,2015-09-10,45.0,Balanced,38.0,Normal,55.0,Mixed,Organised,46.0,Normal,54.0,Normal,47.0,Normal,Organised,38.0,Medium,39.0,Press,51.0,Normal,Cover
Novara,6269,2014-09-19,66.0,Balanced,57.0,Normal,56.0,Mixed,Organised,56.0,Normal,55.0,Normal,57.0,Normal,Organised,36.0,Medium,49.0,Press,53.0,Normal,Cover
1. FC Nürnberg,8165,2014-09-19,46.0,Balanced,62.0,Normal,38.0,Mixed,Organised,58.0,Normal,48.0,Normal,55.0,Normal,Organised,51.0,Medium,50.0,Press,47.0,Normal,Cover
1. FC Nürnberg,8165,2015-09-10,46.0,Balanced,58.0,Normal,49.0,Mixed,Organised,51.0,Normal,52.0,Normal,59.0,Normal,Organised,30.0,Deep,40.0,Press,44.0,Normal,Cover
CD Numancia,8388,2014-09-19,44.0,Balanced,48.0,Normal,45.0,Mixed,Organised,54.0,Normal,41.0,Normal,57.0,Normal,Organised,50.0,Medium,46.0,Press,62.0,Normal,Cover
CD Numancia,8388,2015-09-10,44.0,Balanced,48.0,Normal,45.0,Mixed,Organised,54.0,Normal,41.0,Normal,57.0,Normal,Organised,50.0,Medium,46.0,Press,62.0,Normal,Cover
S.C. Olhanense,2033,2014-09-19,45.0,Balanced,62.0,Normal,40.0,Mixed,Organised,53.0,Normal,37.0,Normal,44.0,Normal,Organised,37.0,Medium,24.0,Contain,44.0,Normal,Cover
KV Oostende,8573,2014-09-19,52.0,Balanced,49.0,Normal,54.0,Mixed,Organised,45.0,Normal,42.0,Normal,53.0,Normal,Organised,42.0,Medium,47.0,Press,44.0,Normal,Cover
KV Oostende,8573,2015-09-10,52.0,Balanced,49.0,Normal,54.0,Mixed,Organised,45.0,Normal,42.0,Normal,53.0,Normal,Organised,42.0,Medium,47.0,Press,44.0,Normal,Cover
CA Osasuna,8371,2014-09-19,38.0,Balanced,53.0,Normal,52.0,Mixed,Organised,55.0,Normal,59.0,Normal,54.0,Normal,Organised,47.0,Medium,52.0,Press,65.0,Normal,Cover
CA Osasuna,8371,2015-09-10,38.0,Balanced,53.0,Normal,52.0,Mixed,Organised,55.0,Normal,59.0,Normal,54.0,Normal,Organised,47.0,Medium,52.0,Press,69.0,Wide,Cover
Oud-Heverlee Leuven,1773,2014-09-19,52.0,Balanced,51.0,Normal,50.0,Mixed,Organised,50.0,Normal,53.0,Normal,54.0,Normal,Organised,43.0,Medium,44.0,Press,50.0,Normal,Cover
FC Paços de Ferreira,6403,2014-09-19,38.0,Balanced,40.0,Normal,39.0,Mixed,Organised,52.0,Normal,53.0,Normal,52.0,Normal,Organised,36.0,Medium,39.0,Press,64.0,Normal,Cover
FC Paços de Ferreira,6403,2015-09-10,63.0,Balanced,40.0,Normal,39.0,Mixed,Organised,64.0,Normal,53.0,Normal,52.0,Normal,Organised,36.0,Medium,39.0,Press,64.0,Normal,Cover
SC Paderborn 07,8460,2014-09-19,73.0,Fast,46.0,Normal,55.0,Mixed,Organised,52.0,Normal,48.0,Normal,63.0,Normal,Organised,33.0,Deep,55.0,Press,53.0,Normal,Cover
SC Paderborn 07,8460,2015-09-10,67.0,Fast,46.0,Normal,62.0,Mixed,Organised,56.0,Normal,48.0,Normal,56.0,Normal,Organised,25.0,Deep,29.0,Contain,54.0,Normal,Cover
Palermo,8540,2014-09-19,66.0,Balanced,55.0,Normal,37.0,Mixed,Organised,56.0,Normal,34.0,Normal,63.0,Normal,Organised,43.0,Medium,42.0,Press,48.0,Normal,Cover
Palermo,8540,2015-09-10,66.0,Balanced,66.0,Normal,36.0,Mixed,Organised,60.0,Normal,34.0,Normal,64.0,Normal,Organised,44.0,Medium,58.0,Press,50.0,Normal,Cover
Paris Saint-Germain,9847,2014-09-19,49.0,Balanced,70.0,Lots,55.0,Mixed,Organised,62.0,Normal,61.0,Normal,68.0,Lots,Organised,57.0,Medium,53.0,Press,56.0,Normal,Cover
Paris Saint-Germain,9847,2015-09-10,49.0,Balanced,47.0,Normal,34.0,Mixed,Organised,62.0,Normal,61.0,Normal,35.0,Normal,Organised,57.0,Medium,53.0,Press,56.0,Normal,Cover
Parma,10167,2014-09-19,48.0,Balanced,71.0,Lots,33.0,Short,Organised,69.0,Risky,62.0,Normal,45.0,Normal,Organised,54.0,Medium,66.0,Press,46.0,Normal,Offside Trap
Parma,10167,2015-09-10,48.0,Balanced,66.0,Normal,33.0,Short,Organised,69.0,Risky,62.0,Normal,45.0,Normal,Organised,43.0,Medium,43.0,Press,46.0,Normal,Cover
Partick Thistle F.C.,8426,2014-09-19,48.0,Balanced,50.0,Normal,37.0,Mixed,Organised,49.0,Normal,50.0,Normal,52.0,Normal,Organised,47.0,Medium,44.0,Press,52.0,Normal,Cover
Partick Thistle F.C.,8426,2015-09-10,48.0,Balanced,48.0,Normal,47.0,Mixed,Organised,47.0,Normal,53.0,Normal,60.0,Normal,Organised,46.0,Medium,46.0,Press,49.0,Normal,Cover
PEC Zwolle,6413,2014-09-19,57.0,Balanced,41.0,Normal,39.0,Mixed,Organised,57.0,Normal,50.0,Normal,54.0,Normal,Organised,58.0,Medium,60.0,Press,63.0,Normal,Cover
PEC Zwolle,6413,2015-09-10,45.0,Balanced,35.0,Normal,56.0,Mixed,Organised,57.0,Normal,50.0,Normal,58.0,Normal,Organised,58.0,Medium,60.0,Press,63.0,Normal,Cover
FC Penafiel,6547,2015-09-10,54.0,Balanced,54.0,Normal,39.0,Mixed,Organised,52.0,Normal,56.0,Normal,38.0,Normal,Organised,40.0,Medium,35.0,Press,46.0,Normal,Cover
Pescara,9878,2014-09-19,64.0,Balanced,52.0,Normal,36.0,Mixed,Organised,51.0,Normal,64.0,Normal,54.0,Normal,Organised,26.0,Deep,46.0,Press,48.0,Normal,Cover
Pescara,9878,2015-09-10,64.0,Balanced,31.0,Little,53.0,Mixed,Organised,41.0,Normal,49.0,Normal,41.0,Normal,Organised,39.0,Medium,46.0,Press,43.0,Normal,Cover
Piast Gliwice,8028,2014-09-19,64.0,Balanced,52.0,Normal,67.0,Long,Organised,64.0,Normal,66.0,Normal,39.0,Normal,Organised,36.0,Medium,45.0,Press,48.0,Normal,Cover
Piast Gliwice,8028,2015-09-10,64.0,Balanced,52.0,Normal,67.0,Long,Organised,64.0,Normal,66.0,Normal,39.0,Normal,Organised,36.0,Medium,45.0,Press,48.0,Normal,Cover
Podbeskidzie Bielsko-Biała,8033,2014-09-19,72.0,Fast,55.0,Normal,66.0,Mixed,Organised,66.0,Normal,51.0,Normal,49.0,Normal,Organised,29.0,Deep,35.0,Press,38.0,Normal,Cover
Podbeskidzie Bielsko-Biała,8033,2015-09-10,68.0,Fast,55.0,Normal,66.0,Mixed,Organised,66.0,Normal,51.0,Normal,49.0,Normal,Organised,29.0,Deep,35.0,Press,38.0,Normal,Cover
Pogoń Szczecin,8023,2014-09-19,50.0,Balanced,48.0,Normal,36.0,Mixed,Free Form,52.0,Normal,36.0,Normal,52.0,Normal,Organised,50.0,Medium,60.0,Press,47.0,Normal,Cover
Pogoń Szczecin,8023,2015-09-10,50.0,Balanced,33.0,Little,36.0,Mixed,Organised,52.0,Normal,40.0,Normal,52.0,Normal,Organised,57.0,Medium,54.0,Press,47.0,Normal,Cover
Portsmouth,8462,2014-09-19,59.0,Balanced,32.0,Little,57.0,Mixed,Organised,49.0,Normal,47.0,Normal,53.0,Normal,Organised,39.0,Medium,40.0,Press,44.0,Normal,Cover
Portsmouth,8462,2015-09-10,59.0,Balanced,32.0,Little,57.0,Mixed,Organised,49.0,Normal,47.0,Normal,53.0,Normal,Organised,39.0,Medium,40.0,Press,44.0,Normal,Cover
PSV,8640,2014-09-19,67.0,Fast,35.0,Normal,40.0,Mixed,Organised,53.0,Normal,53.0,Normal,55.0,Normal,Organised,50.0,Medium,62.0,Press,55.0,Normal,Cover
PSV,8640,2015-09-10,67.0,Fast,43.0,Normal,43.0,Mixed,Organised,53.0,Normal,44.0,Normal,28.0,Little,Organised,40.0,Medium,40.0,Press,48.0,Normal,Cover
Queens Park Rangers,10172,2014-09-19,52.0,Balanced,36.0,Normal,53.0,Mixed,Organised,53.0,Normal,54.0,Normal,54.0,Normal,Organised,50.0,Medium,44.0,Press,54.0,Normal,Cover
Queens Park Rangers,10172,2015-09-10,30.0,Slow,39.0,Normal,61.0,Mixed,Organised,53.0,Normal,53.0,Normal,60.0,Normal,Organised,50.0,Medium,44.0,Press,54.0,Normal,Cover
Racing Santander,8696,2015-09-10,48.0,Balanced,52.0,Normal,47.0,Mixed,Organised,53.0,Normal,53.0,Normal,53.0,Normal,Organised,51.0,Medium,47.0,Press,53.0,Normal,Cover
Rangers,8548,2014-09-19,45.0,Balanced,49.0,Normal,45.0,Mixed,Organised,38.0,Normal,62.0,Normal,60.0,Normal,Organised,48.0,Medium,48.0,Press,62.0,Normal,Cover
Rangers,8548,2015-09-10,45.0,Balanced,53.0,Normal,55.0,Mixed,Organised,38.0,Normal,62.0,Normal,53.0,Normal,Organised,48.0,Medium,48.0,Press,55.0,Normal,Cover
Rayo Vallecano,8370,2014-09-19,45.0,Balanced,52.0,Normal,44.0,Mixed,Organised,44.0,Normal,44.0,Normal,47.0,Normal,Organised,63.0,Medium,51.0,Press,59.0,Normal,Cover
Rayo Vallecano,8370,2015-09-10,29.0,Slow,52.0,Normal,44.0,Mixed,Organised,44.0,Normal,44.0,Normal,47.0,Normal,Organised,54.0,Medium,52.0,Press,63.0,Normal,Cover
Reading,9798,2014-09-19,44.0,Balanced,26.0,Little,72.0,Long,Organised,71.0,Risky,39.0,Normal,37.0,Normal,Organised,58.0,Medium,52.0,Press,52.0,Normal,Cover
Reading,9798,2015-09-10,44.0,Balanced,36.0,Normal,64.0,Mixed,Organised,62.0,Normal,65.0,Normal,42.0,Normal,Organised,51.0,Medium,47.0,Press,52.0,Normal,Cover
Real Betis Balompié,8603,2014-09-19,59.0,Balanced,49.0,Normal,37.0,Mixed,Organised,59.0,Normal,43.0,Normal,53.0,Normal,Organised,58.0,Medium,49.0,Press,58.0,Normal,Cover
Real Betis Balompié,8603,2015-09-10,59.0,Balanced,49.0,Normal,37.0,Mixed,Organised,59.0,Normal,43.0,Normal,53.0,Normal,Organised,58.0,Medium,49.0,Press,58.0,Normal,Cover
Real Madrid CF,8633,2014-09-19,50.0,Balanced,54.0,Normal,41.0,Mixed,Organised,68.0,Risky,54.0,Normal,69.0,Lots,Free Form,39.0,Medium,49.0,Press,65.0,Normal,Cover
Real Madrid CF,8633,2015-09-10,50.0,Balanced,57.0,Normal,46.0,Mixed,Free Form,61.0,Normal,41.0,Normal,63.0,Normal,Free Form,52.0,Medium,60.0,Press,63.0,Normal,Cover
Real Sociedad,8560,2014-09-19,35.0,Balanced,52.0,Normal,36.0,Mixed,Organised,60.0,Normal,52.0,Normal,59.0,Normal,Organised,48.0,Medium,53.0,Press,65.0,Normal,Cover
Real Sociedad,8560,2015-09-10,60.0,Balanced,52.0,Normal,50.0,Mixed,Organised,54.0,Normal,60.0,Normal,52.0,Normal,Organised,49.0,Medium,53.0,Press,53.0,Normal,Cover
RC Recreativo,8479,2014-09-19,41.0,Balanced,53.0,Normal,54.0,Mixed,Organised,45.0,Normal,50.0,Normal,35.0,Normal,Organised,40.0,Medium,49.0,Press,62.0,Normal,Cover
RC Recreativo,8479,2015-09-10,37.0,Balanced,38.0,Normal,43.0,Mixed,Organised,30.0,Safe,42.0,Normal,37.0,Normal,Organised,40.0,Medium,49.0,Press,54.0,Normal,Cover
Reggio Calabria,8690,2014-09-19,52.0,Balanced,55.0,Normal,56.0,Mixed,Organised,57.0,Normal,74.0,Lots,53.0,Normal,Organised,38.0,Medium,48.0,Press,52.0,Normal,Cover
Stade de Reims,9837,2014-09-19,48.0,Balanced,58.0,Normal,48.0,Mixed,Organised,48.0,Normal,52.0,Normal,50.0,Normal,Organised,33.0,Deep,44.0,Press,50.0,Normal,Cover
Stade de Reims,9837,2015-09-10,48.0,Balanced,37.0,Normal,49.0,Mixed,Organised,48.0,Normal,52.0,Normal,58.0,Normal,Organised,33.0,Deep,44.0,Press,50.0,Normal,Cover
Stade Rennais FC,9851,2014-09-19,64.0,Balanced,62.0,Normal,41.0,Mixed,Organised,49.0,Normal,52.0,Normal,64.0,Normal,Organised,46.0,Medium,44.0,Press,51.0,Normal,Cover
Stade Rennais FC,9851,2015-09-10,64.0,Balanced,62.0,Normal,41.0,Mixed,Organised,49.0,Normal,52.0,Normal,64.0,Normal,Organised,46.0,Medium,44.0,Press,51.0,Normal,Cover
Rio Ave FC,7841,2014-09-19,66.0,Balanced,47.0,Normal,44.0,Mixed,Organised,58.0,Normal,65.0,Normal,54.0,Normal,Organised,39.0,Medium,48.0,Press,66.0,Normal,Cover
Rio Ave FC,7841,2015-09-10,66.0,Balanced,47.0,Normal,44.0,Mixed,Organised,58.0,Normal,65.0,Normal,54.0,Normal,Organised,39.0,Medium,48.0,Press,66.0,Normal,Cover
RKC Waalwijk,10219,2014-09-19,57.0,Balanced,30.0,Little,55.0,Mixed,Organised,42.0,Normal,36.0,Normal,55.0,Normal,Organised,31.0,Deep,30.0,Contain,38.0,Normal,Cover
Siena,8551,2014-09-19,47.0,Balanced,49.0,Normal,48.0,Mixed,Organised,64.0,Normal,67.0,Lots,52.0,Normal,Organised,44.0,Medium,49.0,Press,51.0,Normal,Cover
Roda JC Kerkrade,9803,2014-09-19,43.0,Balanced,46.0,Normal,44.0,Mixed,Organised,59.0,Normal,45.0,Normal,42.0,Normal,Organised,39.0,Medium,37.0,Press,42.0,Normal,Cover
Roma,8686,2014-09-19,67.0,Fast,48.0,Normal,38.0,Mixed,Organised,73.0,Risky,64.0,Normal,56.0,Normal,Free Form,36.0,Medium,57.0,Press,34.0,Normal,Cover
Roma,8686,2015-09-10,68.0,Fast,27.0,Little,47.0,Mixed,Organised,71.0,Risky,54.0,Normal,66.0,Normal,Free Form,36.0,Medium,57.0,Press,48.0,Normal,Cover
Ross County FC,8649,2014-09-19,34.0,Balanced,50.0,Normal,34.0,Mixed,Organised,44.0,Normal,38.0,Normal,38.0,Normal,Organised,39.0,Medium,51.0,Press,44.0,Normal,Cover
Ross County FC,8649,2015-09-10,45.0,Balanced,48.0,Normal,60.0,Mixed,Organised,46.0,Normal,49.0,Normal,58.0,Normal,Organised,36.0,Medium,53.0,Press,34.0,Normal,Cover
Ruch Chorzów,1601,2014-09-19,53.0,Balanced,48.0,Normal,38.0,Mixed,Organised,66.0,Normal,65.0,Normal,50.0,Normal,Organised,43.0,Medium,44.0,Press,49.0,Normal,Cover
Ruch Chorzów,1601,2015-09-10,47.0,Balanced,48.0,Normal,38.0,Mixed,Organised,61.0,Normal,65.0,Normal,50.0,Normal,Organised,43.0,Medium,44.0,Press,49.0,Normal,Cover
AS Saint-Étienne,9853,2014-09-19,58.0,Balanced,55.0,Normal,52.0,Mixed,Organised,48.0,Normal,52.0,Normal,52.0,Normal,Organised,35.0,Medium,44.0,Press,50.0,Normal,Cover
AS Saint-Étienne,9853,2015-09-10,58.0,Balanced,55.0,Normal,52.0,Mixed,Organised,48.0,Normal,64.0,Normal,52.0,Normal,Organised,48.0,Medium,51.0,Press,49.0,Normal,Cover
Sampdoria,9882,2014-09-19,36.0,Balanced,56.0,Normal,38.0,Mixed,Organised,49.0,Normal,52.0,Normal,62.0,Normal,Organised,54.0,Medium,57.0,Press,64.0,Normal,Offside Trap
Sampdoria,9882,2015-09-10,36.0,Balanced,56.0,Normal,38.0,Mixed,Organised,49.0,Normal,52.0,Normal,29.0,Little,Organised,50.0,Medium,51.0,Press,53.0,Normal,Cover
Sassuolo,7943,2014-09-19,57.0,Balanced,71.0,Lots,60.0,Mixed,Organised,66.0,Normal,57.0,Normal,63.0,Normal,Organised,54.0,Medium,47.0,Press,36.0,Normal,Offside Trap
Sassuolo,7943,2015-09-10,57.0,Balanced,65.0,Normal,60.0,Mixed,Organised,56.0,Normal,57.0,Normal,56.0,Normal,Organised,38.0,Medium,47.0,Press,53.0,Normal,Cover
SC Bastia,7794,2014-09-19,67.0,Fast,61.0,Normal,43.0,Mixed,Organised,56.0,Normal,51.0,Normal,49.0,Normal,Organised,39.0,Medium,47.0,Press,48.0,Normal,Cover
SC Bastia,7794,2015-09-10,61.0,Balanced,61.0,Normal,52.0,Mixed,Organised,56.0,Normal,51.0,Normal,49.0,Normal,Organised,44.0,Medium,55.0,Press,48.0,Normal,Cover
SC Heerenveen,10228,2014-09-19,53.0,Balanced,48.0,Normal,46.0,Mixed,Organised,65.0,Normal,43.0,Normal,46.0,Normal,Organised,46.0,Medium,44.0,Press,48.0,Normal,Cover
SC Heerenveen,10228,2015-09-10,54.0,Balanced,40.0,Normal,56.0,Mixed,Organised,65.0,Normal,43.0,Normal,44.0,Normal,Organised,46.0,Medium,44.0,Press,48.0,Normal,Cover
FC Schalke 04,10189,2014-09-19,39.0,Balanced,54.0,Normal,45.0,Mixed,Organised,42.0,Normal,56.0,Normal,41.0,Normal,Organised,51.0,Medium,51.0,Press,40.0,Normal,Cover
FC Schalke 04,10189,2015-09-10,58.0,Balanced,43.0,Normal,42.0,Mixed,Organised,64.0,Normal,61.0,Normal,37.0,Normal,Organised,55.0,Medium,59.0,Press,56.0,Normal,Cover
Sevilla FC,8302,2014-09-19,65.0,Balanced,53.0,Normal,65.0,Mixed,Organised,53.0,Normal,57.0,Normal,38.0,Normal,Organised,38.0,Medium,49.0,Press,55.0,Normal,Cover
Sevilla FC,8302,2015-09-10,53.0,Balanced,53.0,Normal,53.0,Mixed,Organised,53.0,Normal,52.0,Normal,60.0,Normal,Organised,42.0,Medium,48.0,Press,59.0,Normal,Cover
FC Sion,10179,2014-09-19,61.0,Balanced,57.0,Normal,37.0,Mixed,Organised,62.0,Normal,50.0,Normal,53.0,Normal,Organised,45.0,Medium,47.0,Press,54.0,Normal,Cover
FC Sion,10179,2015-09-10,61.0,Balanced,57.0,Normal,37.0,Mixed,Organised,62.0,Normal,50.0,Normal,53.0,Normal,Organised,45.0,Medium,47.0,Press,54.0,Normal,Cover
Śląsk Wrocław,8025,2014-09-19,47.0,Balanced,53.0,Normal,34.0,Mixed,Organised,38.0,Normal,36.0,Normal,68.0,Lots,Organised,37.0,Medium,37.0,Press,39.0,Normal,Cover
Śląsk Wrocław,8025,2015-09-10,50.0,Balanced,55.0,Normal,35.0,Mixed,Organised,51.0,Normal,51.0,Normal,55.0,Normal,Organised,45.0,Medium,55.0,Press,39.0,Normal,Cover
FC Sochaux-Montbéliard,9874,2014-09-19,63.0,Balanced,62.0,Normal,39.0,Mixed,Organised,63.0,Normal,64.0,Normal,49.0,Normal,Organised,54.0,Medium,43.0,Press,49.0,Normal,Cover
FC Sochaux-Montbéliard,9874,2015-09-10,63.0,Balanced,62.0,Normal,39.0,Mixed,Organised,63.0,Normal,64.0,Normal,49.0,Normal,Organised,54.0,Medium,43.0,Press,49.0,Normal,Cover
Southampton,8466,2014-09-19,47.0,Balanced,41.0,Normal,40.0,Mixed,Organised,42.0,Normal,56.0,Normal,51.0,Normal,Free Form,62.0,Medium,64.0,Press,44.0,Normal,Cover
Southampton,8466,2015-09-10,52.0,Balanced,31.0,Little,46.0,Mixed,Organised,42.0,Normal,54.0,Normal,30.0,Little,Organised,50.0,Medium,65.0,Press,44.0,Normal,Cover
Sporting Charleroi,9986,2014-09-19,60.0,Balanced,47.0,Normal,53.0,Mixed,Organised,48.0,Normal,50.0,Normal,48.0,Normal,Organised,42.0,Medium,48.0,Press,49.0,Normal,Cover
Sporting Charleroi,9986,2015-09-10,60.0,Balanced,47.0,Normal,53.0,Mixed,Organised,48.0,Normal,50.0,Normal,48.0,Normal,Organised,39.0,Medium,48.0,Press,49.0,Normal,Cover
Sporting CP,9768,2014-09-19,55.0,Balanced,65.0,Normal,56.0,Mixed,Organised,42.0,Normal,50.0,Normal,55.0,Normal,Organised,60.0,Medium,60.0,Press,54.0,Normal,Cover
Sporting CP,9768,2015-09-10,57.0,Balanced,65.0,Normal,56.0,Mixed,Organised,42.0,Normal,50.0,Normal,55.0,Normal,Organised,60.0,Medium,60.0,Press,54.0,Normal,Cover
Real Sporting de Gijón,9869,2014-09-19,55.0,Balanced,48.0,Normal,43.0,Mixed,Organised,68.0,Risky,61.0,Normal,44.0,Normal,Organised,36.0,Medium,60.0,Press,39.0,Normal,Cover
Real Sporting de Gijón,9869,2015-09-10,55.0,Balanced,48.0,Normal,50.0,Mixed,Organised,62.0,Normal,59.0,Normal,38.0,Normal,Organised,45.0,Medium,54.0,Press,41.0,Normal,Cover
Napoli,9875,2014-09-19,72.0,Fast,74.0,Lots,34.0,Mixed,Organised,76.0,Risky,66.0,Normal,73.0,Lots,Organised,61.0,Medium,59.0,Press,39.0,Normal,Cover
Napoli,9875,2015-09-10,53.0,Balanced,70.0,Lots,37.0,Mixed,Organised,68.0,Risky,54.0,Normal,67.0,Lots,Organised,47.0,Medium,57.0,Press,53.0,Normal,Offside Trap
FC St. Gallen,10190,2014-09-19,52.0,Balanced,46.0,Normal,48.0,Mixed,Organised,39.0,Normal,39.0,Normal,37.0,Normal,Organised,40.0,Medium,41.0,Press,52.0,Normal,Cover
FC St. Gallen,10190,2015-09-10,52.0,Balanced,46.0,Normal,48.0,Mixed,Organised,39.0,Normal,39.0,Normal,37.0,Normal,Organised,40.0,Medium,36.0,Press,52.0,Normal,Cover
St. Mirren,9800,2014-09-19,58.0,Balanced,50.0,Normal,70.0,Long,Organised,62.0,Normal,56.0,Normal,61.0,Normal,Organised,50.0,Medium,49.0,Press,41.0,Normal,Cover
St. Mirren,9800,2015-09-10,38.0,Balanced,53.0,Normal,33.0,Short,Organised,53.0,Normal,58.0,Normal,53.0,Normal,Organised,60.0,Medium,58.0,Press,48.0,Normal,Cover
FC St. Pauli,8152,2014-09-19,53.0,Balanced,52.0,Normal,56.0,Mixed,Organised,68.0,Risky,53.0,Normal,34.0,Normal,Organised,46.0,Medium,44.0,Press,54.0,Normal,Cover
FC St. Pauli,8152,2015-09-10,52.0,Balanced,52.0,Normal,56.0,Mixed,Organised,62.0,Normal,53.0,Normal,38.0,Normal,Organised,39.0,Medium,44.0,Press,57.0,Normal,Cover
St. Johnstone FC,8467,2014-09-19,56.0,Balanced,48.0,Normal,57.0,Mixed,Organised,47.0,Normal,49.0,Normal,40.0,Normal,Organised,40.0,Medium,40.0,Press,52.0,Normal,Cover
St. Johnstone FC,8467,2015-09-10,62.0,Balanced,52.0,Normal,48.0,Mixed,Organised,47.0,Normal,49.0,Normal,40.0,Normal,Organised,37.0,Medium,48.0,Press,55.0,Normal,Cover
Standard de Liège,9985,2014-09-19,54.0,Balanced,45.0,Normal,62.0,Mixed,Organised,55.0,Normal,58.0,Normal,60.0,Normal,Organised,45.0,Medium,54.0,Press,52.0,Normal,Cover
Standard de Liège,9985,2015-09-10,54.0,Balanced,45.0,Normal,62.0,Mixed,Organised,55.0,Normal,58.0,Normal,60.0,Normal,Organised,45.0,Medium,54.0,Press,52.0,Normal,Cover
Stoke City,10194,2014-09-19,48.0,Balanced,24.0,Little,55.0,Mixed,Organised,51.0,Normal,57.0,Normal,37.0,Normal,Organised,38.0,Medium,40.0,Press,41.0,Normal,Cover
Stoke City,10194,2015-09-10,48.0,Balanced,41.0,Normal,49.0,Mixed,Organised,51.0,Normal,59.0,Normal,49.0,Normal,Organised,44.0,Medium,37.0,Press,51.0,Normal,Cover
Sunderland,8472,2014-09-19,60.0,Balanced,33.0,Little,61.0,Mixed,Organised,56.0,Normal,44.0,Normal,58.0,Normal,Organised,41.0,Medium,38.0,Press,53.0,Normal,Cover
Sunderland,8472,2015-09-10,43.0,Balanced,43.0,Normal,51.0,Mixed,Organised,59.0,Normal,50.0,Normal,55.0,Normal,Organised,47.0,Medium,45.0,Press,49.0,Normal,Cover
Swansea City,10003,2014-09-19,63.0,Balanced,34.0,Normal,34.0,Mixed,Organised,34.0,Normal,51.0,Normal,36.0,Normal,Free Form,51.0,Medium,58.0,Press,54.0,Normal,Cover
Swansea City,10003,2015-09-10,45.0,Balanced,44.0,Normal,42.0,Mixed,Organised,34.0,Normal,36.0,Normal,55.0,Normal,Free Form,31.0,Deep,47.0,Press,42.0,Normal,Cover
CD Tenerife,9867,2014-09-19,56.0,Balanced,50.0,Normal,57.0,Mixed,Organised,56.0,Normal,51.0,Normal,54.0,Normal,Organised,52.0,Medium,50.0,Press,65.0,Normal,Cover
CD Tenerife,9867,2015-09-10,56.0,Balanced,50.0,Normal,57.0,Mixed,Organised,56.0,Normal,51.0,Normal,54.0,Normal,Organised,52.0,Medium,50.0,Press,69.0,Wide,Cover
FC Thun,10191,2014-09-19,58.0,Balanced,59.0,Normal,35.0,Mixed,Organised,64.0,Normal,36.0,Normal,66.0,Normal,Organised,47.0,Medium,45.0,Press,53.0,Normal,Cover
FC Thun,10191,2015-09-10,58.0,Balanced,59.0,Normal,35.0,Mixed,Organised,64.0,Normal,36.0,Normal,66.0,Normal,Organised,47.0,Medium,45.0,Press,53.0,Normal,Cover
Torino,9804,2014-09-19,76.0,Fast,69.0,Lots,64.0,Mixed,Organised,64.0,Normal,72.0,Lots,53.0,Normal,Organised,39.0,Medium,34.0,Press,52.0,Normal,Cover
Torino,9804,2015-09-10,69.0,Fast,69.0,Lots,36.0,Mixed,Organised,37.0,Normal,69.0,Lots,53.0,Normal,Organised,39.0,Medium,46.0,Press,52.0,Normal,Cover
Tottenham Hotspur,8586,2014-09-19,41.0,Balanced,35.0,Normal,38.0,Mixed,Organised,41.0,Normal,59.0,Normal,62.0,Normal,Organised,58.0,Medium,51.0,Press,56.0,Normal,Cover
Tottenham Hotspur,8586,2015-09-10,47.0,Balanced,46.0,Normal,40.0,Mixed,Organised,41.0,Normal,41.0,Normal,63.0,Normal,Organised,63.0,Medium,54.0,Press,56.0,Normal,Cover
Toulouse FC,9941,2014-09-19,49.0,Balanced,56.0,Normal,53.0,Mixed,Organised,52.0,Normal,34.0,Normal,57.0,Normal,Organised,36.0,Medium,52.0,Press,49.0,Normal,Cover
Toulouse FC,9941,2015-09-10,49.0,Balanced,56.0,Normal,53.0,Mixed,Organised,52.0,Normal,34.0,Normal,36.0,Normal,Organised,36.0,Medium,45.0,Press,49.0,Normal,Cover
ES Troyes AC,10242,2014-09-19,49.0,Balanced,48.0,Normal,51.0,Mixed,Organised,52.0,Normal,49.0,Normal,46.0,Normal,Organised,43.0,Medium,42.0,Press,52.0,Normal,Cover
ES Troyes AC,10242,2015-09-10,49.0,Balanced,48.0,Normal,51.0,Mixed,Organised,52.0,Normal,49.0,Normal,46.0,Normal,Organised,43.0,Medium,42.0,Press,52.0,Normal,Cover
FC Twente,8611,2014-09-19,38.0,Balanced,39.0,Normal,34.0,Mixed,Organised,63.0,Normal,65.0,Normal,37.0,Normal,Organised,44.0,Medium,41.0,Press,55.0,Normal,Cover
FC Twente,8611,2015-09-10,48.0,Balanced,40.0,Normal,43.0,Mixed,Organised,43.0,Normal,58.0,Normal,39.0,Normal,Organised,44.0,Medium,41.0,Press,55.0,Normal,Cover
Udinese,8600,2014-09-19,71.0,Fast,71.0,Lots,63.0,Mixed,Organised,69.0,Risky,78.0,Lots,52.0,Normal,Organised,40.0,Medium,46.0,Press,57.0,Normal,Cover
Udinese,8600,2015-09-10,68.0,Fast,54.0,Normal,63.0,Mixed,Organised,69.0,Risky,68.0,Lots,52.0,Normal,Organised,40.0,Medium,57.0,Press,57.0,Normal,Cover
Valencia CF,10267,2014-09-19,30.0,Slow,45.0,Normal,35.0,Mixed,Organised,38.0,Normal,56.0,Normal,55.0,Normal,Organised,51.0,Medium,38.0,Press,59.0,Normal,Cover
Valencia CF,10267,2015-09-10,35.0,Balanced,46.0,Normal,35.0,Mixed,Organised,37.0,Normal,51.0,Normal,58.0,Normal,Organised,49.0,Medium,45.0,Press,53.0,Normal,Cover
Valenciennes FC,9873,2014-09-19,49.0,Balanced,59.0,Normal,52.0,Mixed,Organised,51.0,Normal,67.0,Lots,56.0,Normal,Organised,47.0,Medium,51.0,Press,46.0,Normal,Cover
Valenciennes FC,9873,2015-09-10,49.0,Balanced,59.0,Normal,52.0,Mixed,Organised,51.0,Normal,67.0,Lots,56.0,Normal,Organised,47.0,Medium,51.0,Press,46.0,Normal,Cover
Real Valladolid,10281,2014-09-19,55.0,Balanced,44.0,Normal,54.0,Mixed,Organised,58.0,Normal,68.0,Lots,41.0,Normal,Organised,51.0,Medium,50.0,Press,60.0,Normal,Cover
Real Valladolid,10281,2015-09-10,43.0,Balanced,40.0,Normal,65.0,Mixed,Organised,39.0,Normal,51.0,Normal,57.0,Normal,Organised,47.0,Medium,40.0,Press,47.0,Normal,Cover
Hellas Verona,9876,2014-09-19,63.0,Balanced,46.0,Normal,48.0,Mixed,Organised,39.0,Normal,54.0,Normal,55.0,Normal,Organised,31.0,Deep,47.0,Press,37.0,Normal,Cover
Hellas Verona,9876,2015-09-10,57.0,Balanced,29.0,Little,38.0,Mixed,Organised,39.0,Normal,54.0,Normal,55.0,Normal,Organised,47.0,Medium,59.0,Press,52.0,Normal,Cover
VfB Stuttgart,10269,2014-09-19,54.0,Balanced,61.0,Normal,53.0,Mixed,Organised,60.0,Normal,56.0,Normal,48.0,Normal,Organised,46.0,Medium,54.0,Press,40.0,Normal,Cover
VfB Stuttgart,10269,2015-09-10,59.0,Balanced,55.0,Normal,41.0,Mixed,Organised,58.0,Normal,66.0,Normal,48.0,Normal,Organised,41.0,Medium,44.0,Press,32.0,Narrow,Cover
Villarreal CF,10205,2014-09-19,35.0,Balanced,42.0,Normal,35.0,Mixed,Organised,43.0,Normal,57.0,Normal,58.0,Normal,Organised,51.0,Medium,51.0,Press,56.0,Normal,Cover
Villarreal CF,10205,2015-09-10,48.0,Balanced,42.0,Normal,36.0,Mixed,Free Form,36.0,Normal,52.0,Normal,55.0,Normal,Free Form,47.0,Medium,48.0,Press,44.0,Normal,Cover
Vitesse,8277,2014-09-19,53.0,Balanced,55.0,Normal,32.0,Short,Organised,53.0,Normal,54.0,Normal,56.0,Normal,Organised,42.0,Medium,54.0,Press,62.0,Normal,Cover
Vitesse,8277,2015-09-10,57.0,Balanced,40.0,Normal,48.0,Mixed,Free Form,53.0,Normal,37.0,Normal,71.0,Lots,Free Form,60.0,Medium,58.0,Press,62.0,Normal,Cover
Vitória Guimarães,7844,2014-09-19,40.0,Balanced,52.0,Normal,39.0,Mixed,Organised,53.0,Normal,62.0,Normal,58.0,Normal,Organised,37.0,Medium,40.0,Press,64.0,Normal,Cover
Vitória Guimarães,7844,2015-09-10,40.0,Balanced,52.0,Normal,39.0,Mixed,Organised,53.0,Normal,62.0,Normal,58.0,Normal,Organised,37.0,Medium,40.0,Press,64.0,Normal,Cover
Vitória Setúbal,10238,2014-09-19,56.0,Balanced,49.0,Normal,42.0,Mixed,Organised,54.0,Normal,52.0,Normal,52.0,Normal,Organised,37.0,Medium,37.0,Press,58.0,Normal,Cover
Vitória Setúbal,10238,2015-09-10,58.0,Balanced,49.0,Normal,42.0,Mixed,Organised,54.0,Normal,52.0,Normal,52.0,Normal,Organised,37.0,Medium,37.0,Press,58.0,Normal,Cover
Waasland-Beveren,8475,2014-09-19,38.0,Balanced,45.0,Normal,39.0,Mixed,Organised,29.0,Safe,30.0,Little,39.0,Normal,Organised,25.0,Deep,37.0,Press,35.0,Normal,Cover
Waasland-Beveren,8475,2015-09-10,38.0,Balanced,45.0,Normal,49.0,Mixed,Organised,45.0,Normal,42.0,Normal,53.0,Normal,Organised,27.0,Deep,32.0,Contain,35.0,Normal,Cover
Watford,9817,2014-09-19,61.0,Balanced,43.0,Normal,56.0,Mixed,Organised,54.0,Normal,44.0,Normal,55.0,Normal,Free Form,38.0,Medium,52.0,Press,45.0,Normal,Cover
Watford,9817,2015-09-10,61.0,Balanced,32.0,Little,52.0,Mixed,Organised,54.0,Normal,42.0,Normal,45.0,Normal,Free Form,38.0,Medium,52.0,Press,45.0,Normal,Cover
SV Werder Bremen,8697,2014-09-19,40.0,Balanced,55.0,Normal,47.0,Mixed,Organised,37.0,Normal,40.0,Normal,51.0,Normal,Organised,40.0,Medium,50.0,Press,45.0,Normal,Cover
SV Werder Bremen,8697,2015-09-10,56.0,Balanced,55.0,Normal,63.0,Mixed,Organised,68.0,Risky,66.0,Normal,58.0,Normal,Organised,63.0,Medium,47.0,Press,73.0,Wide,Cover
West Bromwich Albion,8659,2014-09-19,55.0,Balanced,34.0,Normal,51.0,Mixed,Organised,53.0,Normal,53.0,Normal,57.0,Normal,Organised,41.0,Medium,40.0,Press,49.0,Normal,Cover
West Bromwich Albion,8659,2015-09-10,62.0,Balanced,32.0,Little,51.0,Mixed,Organised,53.0,Normal,50.0,Normal,60.0,Normal,Organised,41.0,Medium,40.0,Press,49.0,Normal,Cover
West Ham United,8654,2014-09-19,72.0,Fast,39.0,Normal,73.0,Long,Organised,68.0,Risky,71.0,Lots,32.0,Little,Organised,30.0,Deep,34.0,Press,41.0,Normal,Cover
West Ham United,8654,2015-09-10,77.0,Fast,37.0,Normal,57.0,Mixed,Organised,68.0,Risky,73.0,Lots,29.0,Little,Organised,30.0,Deep,37.0,Press,41.0,Normal,Cover
KVC Westerlo,10001,2015-09-10,52.0,Balanced,46.0,Normal,50.0,Mixed,Organised,57.0,Normal,55.0,Normal,32.0,Little,Organised,48.0,Medium,45.0,Press,53.0,Normal,Cover
Widzew Łódź,8024,2014-09-19,66.0,Balanced,52.0,Normal,72.0,Long,Organised,66.0,Normal,67.0,Lots,51.0,Normal,Organised,36.0,Medium,38.0,Press,65.0,Normal,Cover
Wigan Athletic,8528,2014-09-19,51.0,Balanced,36.0,Normal,51.0,Mixed,Organised,52.0,Normal,55.0,Normal,57.0,Normal,Organised,62.0,Medium,57.0,Press,44.0,Normal,Cover
Wigan Athletic,8528,2015-09-10,51.0,Balanced,37.0,Normal,56.0,Mixed,Organised,52.0,Normal,59.0,Normal,40.0,Normal,Organised,62.0,Medium,48.0,Press,44.0,Normal,Cover
Willem II,8525,2015-09-10,51.0,Balanced,36.0,Normal,63.0,Mixed,Organised,48.0,Normal,53.0,Normal,52.0,Normal,Organised,43.0,Medium,45.0,Press,47.0,Normal,Cover
Wisła Kraków,10265,2014-09-19,47.0,Balanced,52.0,Normal,36.0,Mixed,Organised,36.0,Normal,53.0,Normal,66.0,Normal,Organised,60.0,Medium,66.0,Press,53.0,Normal,Cover
Wisła Kraków,10265,2015-09-10,33.0,Slow,49.0,Normal,37.0,Mixed,Free Form,33.0,Safe,37.0,Normal,31.0,Little,Free Form,62.0,Medium,58.0,Press,37.0,Normal,Cover
VfL Wolfsburg,8721,2014-09-19,58.0,Balanced,67.0,Lots,45.0,Mixed,Organised,68.0,Risky,60.0,Normal,54.0,Normal,Organised,59.0,Medium,48.0,Press,47.0,Normal,Cover
VfL Wolfsburg,8721,2015-09-10,68.0,Fast,45.0,Normal,57.0,Mixed,Organised,69.0,Risky,66.0,Normal,50.0,Normal,Organised,66.0,Medium,46.0,Press,55.0,Normal,Cover
Wolverhampton Wanderers,8602,2014-09-19,47.0,Balanced,28.0,Little,58.0,Mixed,Organised,55.0,Normal,64.0,Normal,56.0,Normal,Organised,47.0,Medium,48.0,Press,52.0,Normal,Cover
Wolverhampton Wanderers,8602,2015-09-10,46.0,Balanced,36.0,Normal,54.0,Mixed,Organised,55.0,Normal,47.0,Normal,48.0,Normal,Organised,47.0,Medium,48.0,Press,55.0,Normal,Cover
BSC Young Boys,10192,2014-09-19,52.0,Balanced,56.0,Normal,64.0,Mixed,Organised,39.0,Normal,66.0,Normal,46.0,Normal,Organised,44.0,Medium,34.0,Press,50.0,Normal,Cover
BSC Young Boys,10192,2015-09-10,52.0,Balanced,56.0,Normal,64.0,Mixed,Organised,39.0,Normal,66.0,Normal,46.0,Normal,Organised,44.0,Medium,34.0,Press,50.0,Normal,Cover
Zagłębie Lubin,8021,2014-09-19,33.0,Slow,49.0,Normal,51.0,Mixed,Organised,38.0,Normal,63.0,Normal,48.0,Normal,Organised,58.0,Medium,38.0,Press,52.0,Normal,Cover
Real Zaragoza,8394,2014-09-19,38.0,Balanced,48.0,Normal,35.0,Mixed,Organised,53.0,Normal,56.0,Normal,57.0,Normal,Organised,51.0,Medium,46.0,Press,61.0,Normal,Cover
Real Zaragoza,8394,2015-09-10,52.0,Balanced,52.0,Normal,50.0,Mixed,Organised,52.0,Normal,56.0,Normal,57.0,Normal,Organised,48.0,Medium,43.0,Press,49.0,Normal,Cover
Zawisza Bydgoszcz,8027,2014-09-19,54.0,Balanced,51.0,Normal,40.0,Mixed,Organised,67.0,Risky,49.0,Normal,52.0,Normal,Organised,44.0,Medium,47.0,Press,52.0,Normal,Cover
Zawisza Bydgoszcz,8027,2015-09-10,54.0,Balanced,51.0,Normal,40.0,Mixed,Organised,46.0,Normal,49.0,Normal,52.0,Normal,Organised,44.0,Medium,47.0,Press,52.0,Normal,Cover
SV Zulte-Waregem,10000,2014-09-19,54.0,Balanced,42.0,Normal,51.0,Mixed,Organised,47.0,Normal,52.0,Normal,32.0,Little,Organised,44.0,Medium,58.0,Press,37.0,Normal,Cover
SV Zulte-Waregem,10000,2015-09-10,54.0,Balanced,42.0,Normal,51.0,Mixed,Organised,47.0,Normal,52.0,Normal,32.0,Little,Organised,44.0,Medium,58.0,Press,37.0,Normal,Cover
